Camera ID,X,Y,Z,Omega,Phi,Kappa
Cam_0001.jpg,-209.33699664615517,-150.91093506284446,99.30898533667244,-4.472758839262242,-0.5558667361371543,0.7859224459588317
Cam_0002.jpg,-209.7321582620136,-137.97516501793206,99.68896758557422,-3.1347664614559485,1.5750078852809404,-4.871526678294125
Cam_0003.jpg,-210.60809005493522,-124.75287933602227,100.3436038156039,-4.555341299835367,-1.1604031663560388,1.3743593913850956
Cam_0004.jpg,-209.9021758307182,-110.46282883763362,99.17576325055211,-4.483189530318365,-0.4701231336599926,-3.1846873808791027
Cam_0005.jpg,-209.14321216233094,-97.77367813426953,99.32132654371861,3.1592022136992934,0.8163682127589187,0.12507757220883153
Cam_0006.jpg,-209.22425139049315,-85.02258283721825,100.66845897115894,0.7078123850894114,1.5075314269310858,2.156615127773528
Cam_0007.jpg,-210.9642092087378,-72.39363324512787,99.23277850097054,3.984045100483881,2.792887965660369,4.448425587509103
Cam_0008.jpg,-209.0961433724863,-58.929570431723064,100.07518420703971,4.257452519324833,-3.521606436878561,2.176615486451225
Cam_0009.jpg,-210.2544283018099,-46.69329533219473,100.95505311497566,-2.5848796164983923,4.158778913082632,-1.9968241781395295
Cam_0010.jpg,-210.83238307389408,-32.42052855075266,99.56617615108503,2.59298108573056,-0.8102275646355082,-2.727173480648682
Cam_0011.jpg,-210.99068296863464,-19.618162983700984,99.62292305868482,2.4239820385633286,0.7559629663043026,-4.198566144473033
Cam_0012.jpg,-210.1577459108284,-6.576472916702412,99.40312120488265,-3.702283159703713,-2.5434983008188436,-3.302730201888189
Cam_0013.jpg,-210.21459764446067,6.122592633044514,100.14547779007792,-1.8016776627443254,1.8412682551192292,2.6713130669003786
Cam_0014.jpg,-209.5598377692579,18.68977681268569,100.94275617618031,3.7069985451095135,3.5199638054178504,-4.834875111832808
Cam_0015.jpg,-209.42081745473453,32.03694919280653,100.65029267351996,4.861883711152477,-3.4997395626483474,2.583462590250074
Cam_0016.jpg,-209.26044114835162,45.48547925563797,100.9012203967138,2.2731198481340296,0.4095003531571212,3.1146607527657943
Cam_0017.jpg,-209.54093329643658,58.970088290321385,100.30806527145774,4.44989215538547,-2.3678006413187287,0.7815909429777731
Cam_0018.jpg,-209.2925715637529,71.21501289260857,100.20570059396111,-1.1511522586928815,-1.6464017982874757,4.565080214082677
Cam_0019.jpg,-209.6894258352735,83.59053558423933,100.68808415799056,1.3933636763183848,-0.9209677664560283,-1.5773202006539835
Cam_0020.jpg,-210.58538147980107,96.66611256188023,99.6193610883391,0.35035505367545483,3.6903043363462444,-3.949454510114518
Cam_0021.jpg,-209.8204037126557,110.8302558456418,100.49430851699955,3.946820480855421,-3.0599039155052776,1.6306739256610454
Cam_0022.jpg,-210.97467370475943,122.88956211994461,99.08928552863169,-0.48821045238679706,2.644223974371,-3.214470090480284
Cam_0023.jpg,-209.58664683744763,135.9203828643146,99.08266046908585,-2.9897345168761906,-3.426458901567988,-0.163388034971634
Cam_0024.jpg,-209.1039960230818,149.00452225301004,100.63484098345309,1.310981273275463,-0.7163572952850205,-3.4240221051599575
Cam_0025.jpg,-209.51058195877795,162.39267720298193,99.20502942021609,4.7438413755654345,-4.880182310996182,2.661126964651843
Cam_0026.jpg,-209.4464432043529,174.97059688898736,99.21330493815869,2.2356822791474773,3.6970691756045175,2.1243155134300586
Cam_0027.jpg,-209.66716448422116,187.72560638701057,100.2876045093472,2.067961076932144,-2.1052058131910107,2.672037880647719
Cam_0028.jpg,-210.6484304675566,201.59247258329157,99.64816738563556,-1.9829102599890345,-3.732905299496534,-4.0045212606256495
Cam_0029.jpg,-210.69105854363687,214.86643132866408,100.29681168504415,1.403011771373826,4.454461312280614,-4.786610624330336
Cam_0030.jpg,-210.25228051860128,227.71758504013175,99.60404115342106,0.5041308071484284,3.158056051925909,-2.32180094209499
Cam_0031.jpg,-209.58207648074844,240.29239712852362,99.80743081635593,1.9338046736089867,0.5845444456290517,-2.5270413525755053
Cam_0032.jpg,-210.9870542438472,252.258688673258,99.96737594996495,-2.641326226487647,-3.081305121417899,2.374335229486931
Cam_0033.jpg,-210.34008936492847,266.08047238708434,99.53798659604472,-2.063438513412649,-0.13052277912238508,-4.700661541042355
Cam_0034.jpg,-209.05863065850812,279.97087553347205,100.7859713029326,-2.428374899578509,-1.766859606456085,0.6102205099049298
Cam_0035.jpg,-210.58798826436592,291.13972767868376,99.04897820588957,-3.0224954805922892,-2.7977380006041486,-4.81964004096702
Cam_0036.jpg,-210.25069636068247,305.0056428892861,99.95791404227523,-1.9783317202460937,-4.014632930358727,-2.4920721228269698
Cam_0037.jpg,-209.76533264256548,317.21423502686315,100.15276291260474,3.8713891752205867,2.309021883797433,2.837198033450497
Cam_0038.jpg,-209.6656251068374,331.8343499224983,99.02506565976725,4.308253071509748,-2.525527135652409,0.15569863861927724
Cam_0039.jpg,-209.63687740769976,344.31853165093867,99.19342790998287,0.7423421492291552,-3.6366760331395387,-4.307151339870038
Cam_0040.jpg,-210.22337916647484,357.26509364730254,100.65356014247537,4.8280397096904935,3.5266258942734727,-0.1291247194292664
Cam_0041.jpg,-209.8936693925685,370.113958634433,100.12871186707468,3.5346678936389733,3.0801674904666902,1.704916406840354
Cam_0042.jpg,-209.09379046103848,382.240154858182,100.67480479618754,-1.041491489027496,1.730406051743091,-3.3933314139663233
Cam_0043.jpg,-209.31002330593913,395.9542515029381,100.37606895105296,1.7558149907989549,-4.113584355880971,-0.5549768068887456
Cam_0044.jpg,-209.8241529278983,408.42172714815075,99.07496490839317,-4.407727650898555,-4.044491865467049,-3.2459635443953045
Cam_0045.jpg,-210.94258028752276,422.996028793583,99.11676275634957,-4.952224137231866,1.3735821797213297,-3.4951135024990476
Cam_0046.jpg,-209.55002214683887,435.29466891901154,99.36149795963244,-0.4055575764411572,-3.903971099198927,-0.28860264491397636
Cam_0047.jpg,-210.42808131888793,448.572061665983,100.54102711860959,-3.0068012569011917,-3.4678515693210334,-4.1746018284468365
Cam_0048.jpg,-210.23403888464998,461.13869338328635,100.0669385181167,-0.1818183129722365,-1.71882970322655,3.3749970252544275
Cam_0049.jpg,-210.71267884070392,474.3522917710016,99.21386540214054,-0.38563029907476576,-3.131018013172832,-0.5435320619541699
Cam_0050.jpg,-210.83581894175077,486.7566155729651,100.1923694112311,2.9299759792251026,-0.8727452768966057,2.00648062559048
Cam_0051.jpg,-210.77186090911553,500.10124088709443,99.29664839698712,-2.02490800459795,-3.049935489850854,3.7316039339946068
Cam_0052.jpg,-209.39496674477044,513.0270149413125,100.65773082277477,2.330554482085366,2.8292022271009607,0.41988276349379383
Cam_0053.jpg,-210.01927695917794,525.8685327007645,100.67700196312437,3.556210939885743,-0.602694064646889,1.2876731954880078
Cam_0054.jpg,-209.21835136940794,538.025522275097,100.43687948213571,-1.9864421693829746,-1.4488356071952917,4.344880305243322
Cam_0055.jpg,-209.6903663490888,551.8529814470049,99.02653400979474,-4.917299153662983,3.2225166108166245,-0.5322536122204705
Cam_0056.jpg,-209.09614710875363,565.6789901239072,100.57270613486965,-1.9614922400021764,-2.137133279136725,4.3006726984872055
Cam_0057.jpg,-210.07417079440117,578.0989043091614,100.16040903153015,3.3600383361534556,4.541893355413965,0.8999937798267035
Cam_0058.jpg,-209.9647082326971,590.4992487906374,99.87391579691644,4.531888588526485,-2.5671879302319405,3.716167607594232
Cam_0059.jpg,-179.71791685311817,591.0938636966631,100.40031926997506,-0.40388279572211705,-0.25620165179298904,177.5381326245217
Cam_0060.jpg,-180.45752744584846,577.0590544611973,100.2240009140015,1.967646862238479,-2.988693003498817,184.81161440795628
Cam_0061.jpg,-180.68503641683583,565.0899841754034,100.11828587584634,1.3513120501639255,3.5266804089380015,184.75764987879634
Cam_0062.jpg,-180.8748122318454,551.463276039347,99.74272895521072,3.8947073796568703,0.2210737557302377,176.5914159372702
Cam_0063.jpg,-179.52187190815394,539.6994454400929,99.1903005898765,2.157972946564897,3.9054689996692167,183.55050178757406
Cam_0064.jpg,-180.3140956323731,525.3505238517149,100.9185216082668,4.857239048094305,-4.688393151290702,176.67423603779648
Cam_0065.jpg,-179.4273683081247,512.3358028360294,100.38048227346421,-2.8896589898449134,4.302099706673012,175.76104042509448
Cam_0066.jpg,-179.79053236028508,500.84453358225124,99.86802631309813,0.3102082883412297,-4.840217207008684,176.87551395015592
Cam_0067.jpg,-180.58486179395425,486.5861420973502,99.95775063541342,2.5393435776196043,1.2030733717672,184.05354697240423
Cam_0068.jpg,-180.67916491862607,474.18866400730116,99.57156877160615,1.8771947638604858,-1.6729050802551408,184.41503034453206
Cam_0069.jpg,-180.20189343989298,461.42284397375164,99.90885459439764,-1.5261785663964025,-4.383176802749489,176.26690887522216
Cam_0070.jpg,-180.47766206378498,448.4244454356243,99.55535021694533,2.4618313508024836,3.364746795711903,182.28830883263691
Cam_0071.jpg,-179.09676920624045,434.74682815972665,99.25500830254687,-0.9677403942488764,2.8078428400822935,176.77184547493636
Cam_0072.jpg,-179.99971572915476,422.5721578462051,99.61097685715966,-4.518505221036066,1.235830811655931,179.61200073601367
Cam_0073.jpg,-179.35530452940006,408.5257814647791,100.70996276455845,-2.864198110391256,-1.8118446770181253,175.31837142131576
Cam_0074.jpg,-180.83099992147353,395.35133413550267,100.12099400774801,0.6294631723637305,-4.657147889920706,177.40620865456188
Cam_0075.jpg,-179.93057953694353,383.6924138147431,100.61455367828837,-0.3044710214324019,4.008423519876137,180.40202355371082
Cam_0076.jpg,-179.4590919996124,369.7923519819113,100.7029276232314,-2.6326982987301943,-1.3028612491286982,176.26869099898218
Cam_0077.jpg,-179.40365497983606,357.61887351134357,99.28599219236366,3.3169732929355153,4.835656080079227,182.69924820152644
Cam_0078.jpg,-180.68006619789855,343.5759084388321,100.01243538493063,-0.3816893630933764,-1.0299041800877737,183.10267205681973
Cam_0079.jpg,-179.33634091821816,331.4936826066253,99.53622299091617,-0.07321387862795725,-1.828416506664539,177.02189932380193
Cam_0080.jpg,-180.7405689559024,318.3462107031884,99.9556024731171,-2.5680493175371892,4.871106112443495,175.45705891634213
Cam_0081.jpg,-180.0558798252354,305.76016518774645,100.68926277584919,-1.8080784382371151,3.817127139668414,177.06945879328603
Cam_0082.jpg,-179.75160245891146,292.4527483100196,99.02915872609137,3.120478503917711,0.9149180200569398,177.45363529310092
Cam_0083.jpg,-179.73244959331183,279.6236718736473,100.18939277112148,-0.9574580544966007,-2.7132735744987784,178.98705880167128
Cam_0084.jpg,-179.4716184655188,266.5467080826057,100.14684881202062,-2.9820186849676498,-1.999527871779839,179.07796685480713
Cam_0085.jpg,-180.89147186031514,252.14905243149323,99.01913621754633,-1.3153111305227037,-3.710794561915302,175.431552468414
Cam_0086.jpg,-179.65346093495722,240.17441004300596,100.49933381873707,-2.6515229162300327,1.6533753293997941,184.3305683464836
Cam_0087.jpg,-179.4692736006392,226.79180833994727,99.84721617975781,-3.7747518002120244,0.6443716735936117,184.23091340299754
Cam_0088.jpg,-180.54880891306388,214.2163314256971,100.38564422509278,2.0683783210043942,3.0260727198727833,183.77642400096232
Cam_0089.jpg,-180.75634970176796,200.68727787449063,99.20192700686964,-1.457782941479998,-3.1942681567570412,180.59643590239853
Cam_0090.jpg,-179.12670264137049,187.01336014590638,100.22601514562763,1.6789164408778807,3.475446676063262,177.6145784954501
Cam_0091.jpg,-180.25617842144646,175.46569806778461,99.79315000104722,0.6756995244483347,4.350285681099357,175.09807104711675
Cam_0092.jpg,-179.21317575299474,161.42386079273743,99.03316482133316,3.8598907275662127,-2.057847471404612,181.33830311018954
Cam_0093.jpg,-179.59579355337434,149.17116804435932,100.15801527865285,2.985985394612152,3.645225881885989,176.40901531287838
Cam_0094.jpg,-180.14859832131498,136.91451689722328,100.65193613226867,3.183669971494758,1.4206122318654835,175.68790385699182
Cam_0095.jpg,-179.00725119660316,123.06197539779875,100.80192131970918,3.485791287555005,0.7905937878460052,180.79516979308718
Cam_0096.jpg,-180.98598885253773,110.71354727972614,99.93209072856293,-4.307041305597328,1.610350395810241,175.71950372136192
Cam_0097.jpg,-180.14582387057376,97.18389776978688,99.42053241137883,0.015316369300523047,0.10546306229222258,177.06745848078475
Cam_0098.jpg,-179.04852296866227,83.46932251006933,100.26932349252118,-3.3277936838979585,1.7648511680367696,175.60970366611213
Cam_0099.jpg,-180.05391013110608,70.59907442699692,100.14135794737867,-0.2369944945525645,-1.8312608899722127,177.2897621629861
Cam_0100.jpg,-180.9307554590028,58.41545945476655,99.05527368719619,0.7182045147582437,2.321139623393314,180.22699858933106
Cam_0101.jpg,-179.950197990124,44.557117857861805,100.04989368826334,3.6695733269940543,3.88384673703511,184.55002299135973
Cam_0102.jpg,-180.0037918097425,32.94802352746824,99.10068868780698,4.724895597808054,-4.295468132491096,184.320541798962
Cam_0103.jpg,-180.03702288243926,18.045294643674776,99.34769383171884,0.6604274562779927,0.1017159297809016,179.1150748371617
Cam_0104.jpg,-180.67672924651407,5.884124455655887,100.23988300251627,-1.0633581226594129,-1.8599029214250242,179.2757871838635
Cam_0105.jpg,-180.84872147066284,-6.228636715183894,99.53814082017043,0.2249351419051926,3.945999553687156,182.47608137015118
Cam_0106.jpg,-180.16298664744411,-19.709689022315157,100.11119126965005,2.8183858101144406,4.800833297731312,177.57116029328446
Cam_0107.jpg,-180.52239797022486,-33.366639502974486,99.09875559903942,4.438093922112663,0.6525717133829577,182.88583181718428
Cam_0108.jpg,-180.05270948166566,-45.23555978348764,99.35142439820322,-0.4010538269994648,-4.070683272507142,182.02820022361215
Cam_0109.jpg,-180.65196126508988,-58.516355960761736,100.79403449068386,4.280881175017338,0.8016386318660034,184.6977425455797
Cam_0110.jpg,-180.3006241793689,-71.32321419343394,99.35999999442761,-0.19668765410913736,4.832930300614984,184.90310675431846
Cam_0111.jpg,-179.6537543233633,-85.62197586383282,99.24707456127929,4.7987793055133405,2.2925054572666297,182.39500403777495
Cam_0112.jpg,-179.3931295245904,-97.76982934921959,100.30154085026679,-1.270092270121097,2.9222487095744243,184.23716476742024
Cam_0113.jpg,-180.71958609448274,-110.4069488067139,99.66927556752297,-4.767960388986499,-4.760158432773509,177.00616819441396
Cam_0114.jpg,-180.27745205771745,-124.59991182468339,99.40642139925694,1.3919220932451402,1.535194324012278,183.94600119764402
Cam_0115.jpg,-180.16322236468204,-137.13076392599544,99.81223662817865,0.3594080960220557,1.3188397229175353,179.59032792308517
Cam_0116.jpg,-180.33436206571588,-149.49009327420785,100.2687396580227,-3.6105362240919785,0.2205091504827298,184.93014163598838
Cam_0117.jpg,-150.1860786998727,-150.43812145818146,99.37908282305813,0.8433035116411632,-3.6593975809617727,-3.5407744987962544
Cam_0118.jpg,-150.35896200162432,-136.64876568256838,100.05293371874033,0.8373587227929072,-1.2852432704058028,3.2728597126738688
Cam_0119.jpg,-149.43435155348834,-124.39672213262297,100.73670856323857,-4.535471445893813,4.388551620675412,-2.1237711093559573
Cam_0120.jpg,-149.30104087056498,-111.52074707234375,99.36516755393399,0.6101127761746356,-3.8907561925764504,3.747833974823809
Cam_0121.jpg,-149.02706944243985,-97.76776795413925,99.81871248845854,3.3367465153222673,-1.6557704133883964,-3.708843261470478
Cam_0122.jpg,-149.59126100849255,-85.61095153772911,99.96921836621229,4.892817627342563,-1.3903345993813656,2.5550736040969455
Cam_0123.jpg,-149.54813710971735,-72.6175211974485,100.61789136339351,-0.8693756999125577,-3.2922002881159536,-0.8999470670672556
Cam_0124.jpg,-150.7110880748193,-59.92925353359839,100.80341397068368,-0.9306224694343902,-1.0560484491028372,-4.458762269496434
Cam_0125.jpg,-150.16212362301903,-46.10400017499501,100.2659782334174,4.30977267356208,-1.422566596149479,1.2665843210312189
Cam_0126.jpg,-149.53832090327597,-33.24395788085686,99.07942618689582,0.5952214325552447,3.8359514154915897,4.302526861834743
Cam_0127.jpg,-150.13068363095599,-20.07322607082869,100.94411564372108,0.721107527477729,-0.20127661557290133,-2.738465416154113
Cam_0128.jpg,-150.04685026525155,-7.118465395815915,100.30704585649536,1.8724618196850646,1.7752366887346795,2.8335716999070772
Cam_0129.jpg,-149.66532830253925,6.529372543952047,99.85915265778438,1.8695015644158244,1.6561196411839896,2.924919684375544
Cam_0130.jpg,-150.5770079909977,19.00173786179759,100.60951943538909,0.6055821146839586,3.399145940414617,0.5859987361679502
Cam_0131.jpg,-150.34697904266238,32.34181433787036,99.90339372895956,2.778847636057344,-0.08859068835532946,-1.906301350145015
Cam_0132.jpg,-149.66040927410958,44.05294215754924,99.46873182602735,-1.2678233143621833,-4.27093772813931,-1.2666994659708453
Cam_0133.jpg,-149.71941765747576,58.79905567820242,99.41916764812287,-3.900935471903404,1.3284039357662292,-3.249876071865421
Cam_0134.jpg,-150.8425298443706,71.71870496085826,99.1280934751271,-4.37024761494004,2.2108036183090802,-3.315895600344237
Cam_0135.jpg,-150.2194069906616,84.84161308493951,100.96234684612041,-3.0093573555448168,-3.2877987694217508,-2.0018696678529824
Cam_0136.jpg,-149.46761578850354,96.31478399368191,100.37477891977753,4.9073689913683545,3.703754983161644,-3.4196456115441336
Cam_0137.jpg,-150.97107012666913,109.55132849859207,99.23446148594216,0.11476888775984095,4.242597374711193,3.7641833880806255
Cam_0138.jpg,-149.3878720858472,122.7994890949614,99.48241242327371,1.4787285390351044,-1.3140669053572576,-2.4875371442050707
Cam_0139.jpg,-150.97464227904652,135.83015766499298,100.04212968333974,4.025146558754924,3.274059609719404,-4.833256718214628
Cam_0140.jpg,-149.01197960535103,149.26388710201618,100.10875930579397,-0.4559163742822394,-2.3913272447471177,-3.51248431352574
Cam_0141.jpg,-149.19976543339814,162.1389266811764,100.35131092379926,3.53979177301434,-0.679347729963463,3.6734751860208883
Cam_0142.jpg,-150.06770362104595,174.87507986025955,99.72592336386535,-2.471114471210329,-0.1111061819883713,0.9488335975897733
Cam_0143.jpg,-150.69377135309801,188.61488835094096,100.33027847375836,-1.2080772098723327,-0.6819355175520729,-0.3454811896902069
Cam_0144.jpg,-150.85685638697356,200.3286265745322,99.97651465772279,-2.986338329196862,2.983495552734138,-3.808429810914924
Cam_0145.jpg,-150.23714946556726,214.30950721154198,99.63278211016649,3.1806696647206882,-4.552319079708256,-3.6008460518087917
Cam_0146.jpg,-150.8260359770687,226.84322224569453,99.2134061320146,3.187629038353889,-4.258142710463035,-4.949620246257727
Cam_0147.jpg,-150.34436790401853,240.8362539668703,99.66072152891206,-4.343264067610691,-4.36198753457849,-2.9239078693804283
Cam_0148.jpg,-150.98709043365838,252.1500924471414,100.54968656206863,3.457523856202795,2.8458377397224983,-3.994380329235107
Cam_0149.jpg,-150.05481186705407,265.03136823648833,99.72651246820604,0.12867280790001723,-3.461028654457669,-3.145854770883192
Cam_0150.jpg,-149.81111135401355,279.43657884760836,99.89383124121456,-1.7007102596031105,2.2205458619680973,1.2849160987651795
Cam_0151.jpg,-149.14607602233625,291.21954991789227,100.5744029730414,-2.7611862038102997,4.348991173658245,-2.8557399968816175
Cam_0152.jpg,-150.63509976936194,305.48918920809115,99.60539080493348,0.683340502363694,-3.7937768153460336,1.9893473222685114
Cam_0153.jpg,-149.43431444943548,317.71973139285006,99.00474192687193,3.010121742180061,-3.2208706080264937,-3.3566253736737885
Cam_0154.jpg,-150.06918765012207,331.09888343038307,99.9716909821842,0.7479225185482319,3.793179251093775,3.738697977700265
Cam_0155.jpg,-149.32567907146344,343.0934941676163,99.13237741142349,0.013189840603466063,3.9975187625012345,0.26692863774085684
Cam_0156.jpg,-150.50296377766477,357.9972607260109,100.79961812170792,1.4321204879889065,0.07764509875889103,2.691296803457183
Cam_0157.jpg,-150.62639471270325,370.44753171541726,100.41809093876452,-4.90637906667878,-2.3480620243719756,2.8164156020742954
Cam_0158.jpg,-150.81277893141913,383.4681272422818,99.51747587876582,-2.9704474684992306,4.091647212050897,-0.897808592528336
Cam_0159.jpg,-149.31087377006372,395.8460681895542,100.88756643745569,3.065247251118248,-3.2764495234796964,1.9513426766695283
Cam_0160.jpg,-150.91392382374525,409.9291000218737,100.6967290008318,-2.209244158093944,0.920388218126183,0.329683091396457
Cam_0161.jpg,-149.15423447479031,422.15302375689345,100.27715233994832,-1.1302414670158691,-4.35033223406717,-1.6356393946091972
Cam_0162.jpg,-150.49128337494312,434.6761420855363,99.01861182472699,2.4713603130437574,-2.4635161603512876,-2.186002631896409
Cam_0163.jpg,-150.28238236952907,447.45239704842623,99.7966429890091,-3.528860555846893,-3.6142394445395567,-4.043613857913606
Cam_0164.jpg,-150.67102799260803,460.81736340436345,100.37070052438584,-1.2360375637686367,-1.744173375096854,-4.2029922156633
Cam_0165.jpg,-150.10790473019188,473.57414134322346,99.96862212473268,2.7479312980917454,2.238885641554858,2.8647628236303113
Cam_0166.jpg,-150.73717417537645,486.48522591833137,99.11168148599042,-1.0504377159249094,0.6057285582020637,-1.7615791466601065
Cam_0167.jpg,-149.9287372187188,500.99617344606213,100.97910042970314,-0.7098261167215333,-3.6607335599982465,-0.07725001461625058
Cam_0168.jpg,-149.37389881594197,512.6722337051353,100.02592960600644,-2.083919961565567,-2.406153246966139,3.720109212830017
Cam_0169.jpg,-149.2848786010081,525.4390323064889,100.62752024677567,3.272453059237426,1.0267423012578956,0.5286823703299989
Cam_0170.jpg,-149.69297599612153,539.7181050571033,99.72207096147677,-3.359907981367302,-2.292363547368649,3.3820264114545897
Cam_0171.jpg,-149.9481537529053,551.2818744056839,99.78013170280525,-1.9373992391011692,-3.1915491822305135,4.877609157763211
Cam_0172.jpg,-150.00982916558354,565.834188969287,100.75292026358584,-0.6599448207607338,-3.868221593392529,-0.4926865401796331
Cam_0173.jpg,-149.50287158317795,577.2648430572123,100.9677073186898,-3.2447024007779093,-3.376108977599123,2.8852569755431405
Cam_0174.jpg,-150.3898015209371,591.0896322352378,99.36943234393323,-0.952756400104116,3.630062041581608,-2.271104844710536
Cam_0175.jpg,-120.26715492831823,591.2093741496227,99.48505345925639,-3.602833372088136,-2.313054712878169,177.06880366701154
Cam_0176.jpg,-120.75649759672284,578.780004852935,99.13665899318677,2.7589794351002577,-2.1721112900465585,181.42858650866833
Cam_0177.jpg,-119.93456779702457,565.0987878593519,99.09825957625324,-4.480762200130363,-1.4500364870019995,176.5617336468156
Cam_0178.jpg,-120.73895252615227,551.5108601162256,100.29797305216334,-4.316428588072109,1.2666892230934792,178.3661314087852
Cam_0179.jpg,-120.30148779154447,539.7308837007797,99.80514580863795,1.9543849246081055,-0.23493904787605446,180.89595986505617
Cam_0180.jpg,-120.19217675740882,526.2725084493844,99.39006431548191,0.5423511562394792,3.4822554851802474,177.95890629259355
Cam_0181.jpg,-120.41345137461596,512.698910707227,99.59252838912184,-3.378252707181014,0.24443218498687402,179.13764069428046
Cam_0182.jpg,-120.2161314357675,499.06695442944635,99.80969858777799,4.854465534086673,-1.370611950834482,177.7093420918537
Cam_0183.jpg,-120.0767650166216,487.0911754977887,99.11263492320225,-0.5349519829200756,-0.32325295966961654,177.49135557352346
Cam_0184.jpg,-119.86215833318903,474.9725675167755,100.00440364928544,-0.9554269934210734,-2.211905025448848,179.64357534457545
Cam_0185.jpg,-120.95388788979352,460.2403389964818,100.69053622991629,4.4847275280836305,3.251259181030447,179.33543088048958
Cam_0186.jpg,-119.68095172567361,447.31158811871575,100.1238049288829,2.7363342576834646,1.4242173750009703,183.99852291167295
Cam_0187.jpg,-120.13501525158347,435.12262487086946,100.22236034118836,2.7979470864488785,-4.817111969182013,180.04897787828634
Cam_0188.jpg,-120.66028382612053,422.86863853815413,99.79508389176746,-4.306044975289726,-1.257934544450673,175.11710010369288
Cam_0189.jpg,-120.1400960139758,409.62991844161485,99.8426736684757,-2.666072136950487,-2.7411609985095384,178.55852679721798
Cam_0190.jpg,-119.22763092384996,396.17829441293793,99.88120201717058,2.922197889681874,1.3829917813231924,178.35792476263785
Cam_0191.jpg,-119.35217163157215,383.437997566665,99.26381237406184,-0.8142719226408422,-3.474695046511755,177.5238023236877
Cam_0192.jpg,-119.61150007435046,369.6434102259668,100.55363595655561,1.5989932887653864,-4.321451139495274,176.15137011578562
Cam_0193.jpg,-120.25069002973063,356.23745930096584,99.63357395134253,-0.6637430221922859,-1.105885087216424,178.12678380935182
Cam_0194.jpg,-120.21262310700965,343.9149664648165,99.65442656819747,-2.6814205113108467,1.4465027210419525,178.9971752865444
Cam_0195.jpg,-119.288736498298,330.71573792103146,100.22792533825144,-0.9370404245567605,-3.6561128387222444,180.13902755616752
Cam_0196.jpg,-119.16509877126593,317.80991015234594,99.21172732610992,2.6905702195402967,-4.286233840061749,182.8463241914236
Cam_0197.jpg,-120.4936616601946,304.79269342844395,99.75989233516984,3.2399819285816998,-2.9005437815235307,176.87023981908723
Cam_0198.jpg,-120.32072536127896,292.2689443915592,99.82554195118267,-4.24618790157618,-1.685559826845501,175.91275961666918
Cam_0199.jpg,-120.70389788612734,278.00939956030226,100.4302932495071,2.993056071001267,-1.9166269989691105,176.623503080216
Cam_0200.jpg,-120.94944791710738,265.46730289972965,100.23809328701377,1.6258638998717307,0.06945177671014557,184.83400226963897
Cam_0201.jpg,-119.65732013820508,253.62820758780904,100.52287168963667,2.6939381498694446,-0.024596484432259147,178.3050000033932
Cam_0202.jpg,-119.52384513321032,240.3204809108668,100.01952385804177,-1.3292618873106528,-0.7673285341355973,178.36507918964904
Cam_0203.jpg,-119.50154341243487,226.39862155769418,100.3969448464447,-0.3906718594140338,-1.4698235604290721,183.5119572526024
Cam_0204.jpg,-120.77160438840957,214.53457787007864,99.74952964218512,-2.5933915232118716,-3.4829075686146376,181.37025987374267
Cam_0205.jpg,-119.97411884281141,200.950616924023,100.81550427576944,3.3165906773198985,-0.28622553531138173,179.27698436819605
Cam_0206.jpg,-119.45721224937847,188.37471097069226,100.5583425487265,4.6279888470132065,-2.308544520231057,179.76096489952974
Cam_0207.jpg,-120.77150810523004,175.1756547970648,99.20854821839906,-4.422660299251369,-2.321506392796248,182.8418141183437
Cam_0208.jpg,-120.52972129878506,161.75857172942818,99.93082692630173,4.707811218511826,-2.391017685726238,183.6686119099829
Cam_0209.jpg,-120.9883436144765,148.88187218184726,100.61081765477581,-1.6158756362688227,2.8707315019698076,181.28725783755232
Cam_0210.jpg,-120.76383043100584,136.60861381064495,99.13838584380166,2.6598176908610203,-0.3873927552786478,182.75473844834238
Cam_0211.jpg,-119.65705236760482,122.9457648172786,100.1616082097352,0.27022019508547745,2.2097017982256477,178.99306563926163
Cam_0212.jpg,-119.37350807144644,109.65860033485411,99.8970917727559,-1.8184411091920742,-4.860248603032484,183.78263689324538
Cam_0213.jpg,-119.02474636001946,97.74128336004158,99.40966575042044,4.336790817808417,-3.439719627149263,182.68205613703967
Cam_0214.jpg,-120.38028707301567,83.57703272682497,99.59482362403007,2.8457838081246765,0.78386933479397,181.2144740630968
Cam_0215.jpg,-119.48580058606879,70.6962607769911,99.75303987640649,-1.0089261615735592,1.6872290407502608,180.39088229494735
Cam_0216.jpg,-120.46160222315046,57.07252239880611,99.33058639931457,1.1111852555860853,-4.781092489305799,180.20356577394512
Cam_0217.jpg,-119.17750346589125,44.26321351977427,99.0664771943252,0.8164074489478154,-1.6743146748820856,178.30953778276654
Cam_0218.jpg,-119.11991056387087,31.051482349892453,99.0710742280707,-4.378887323171938,2.0052015714972895,176.75478809635675
Cam_0219.jpg,-120.09176752551299,18.304081146089025,99.34760185726951,-2.799519632698511,-1.5877239108523815,178.34196024686716
Cam_0220.jpg,-120.39862692063615,5.499500142505742,99.96697594078817,3.206175065795205,-3.0039950031512204,178.40462036297268
Cam_0221.jpg,-120.39830907049736,-6.60828291912668,99.04237839403052,-4.719972328943537,-3.3315823139296077,183.97884865713343
Cam_0222.jpg,-119.78037378980731,-20.409233779479596,99.4636280288023,3.3629333741300824,-1.2288046373406818,178.24501944703425
Cam_0223.jpg,-119.69488229042577,-33.586484435044454,99.07279277753842,-4.3281630650710134,2.5469945558190874,182.3444789680114
Cam_0224.jpg,-119.936478075873,-46.3352860689653,99.6550250821374,4.300619826772416,-1.4497012845498896,178.9906761815292
Cam_0225.jpg,-120.33939813074662,-59.28278628704199,100.31104248980154,-0.26192451031732444,2.0615128695440466,175.78068798852428
Cam_0226.jpg,-120.4883613461306,-71.64433601105651,99.80396659331228,-4.211803773002773,2.008938756721282,184.6126393773034
Cam_0227.jpg,-120.58900613927098,-84.16071273919403,100.86099799030922,4.250844407171956,-3.315669304090805,177.97848948706803
Cam_0228.jpg,-119.18688309516672,-97.94442637012176,100.71453792665648,-2.838530675703014,-0.4630522384314463,177.9544846419236
Cam_0229.jpg,-120.5423396996057,-111.386766258538,100.44584665697086,-3.37866153579536,2.105450656799526,175.745132796392
Cam_0230.jpg,-120.2229165202132,-123.07315736064746,100.09770850597518,-0.8782274291380128,-2.1402896904385846,177.79637481190355
Cam_0231.jpg,-119.07199363196166,-137.78047673455103,100.51885835611738,-2.5851827055364467,-4.3864559186142555,183.64976595213346
Cam_0232.jpg,-119.05510247258277,-149.5792342579423,99.76238067944719,-4.058752921168082,-2.095690337802463,180.4704252627853
Cam_0233.jpg,-90.61960283975192,-150.0429440991452,100.45965304368747,3.8214175271160467,3.9352850567509465,-1.5222946753652653
Cam_0234.jpg,-90.33944383431701,-136.0203596932543,99.37659626630959,1.2024920946290418,-2.354067667058053,3.5646757832554004
Cam_0235.jpg,-90.71897200534859,-124.15296492819385,100.41527147706422,-2.9890780249510835,1.8442921132238368,2.2203827656093127
Cam_0236.jpg,-90.9413450366315,-110.9854284214707,99.58370088192844,1.2938867329779529,2.138980741131334,1.4801607675489528
Cam_0237.jpg,-89.7858531885696,-97.8686206620835,100.98673571188077,1.0871478602779996,4.680867239494904,-4.755707620633144
Cam_0238.jpg,-89.84977181481406,-84.53293177928231,100.34203114241554,3.9611802810033057,3.9060041730997948,-3.3312097602882877
Cam_0239.jpg,-89.40689696944126,-71.78756285962932,100.7009716767559,-4.611067097765609,-2.170414521417495,1.4301178809022774
Cam_0240.jpg,-89.685784466831,-58.47055447162351,99.81604087519862,-2.458298250694484,2.2478789099972465,1.6884158140940106
Cam_0241.jpg,-90.77805471203511,-46.8502781252598,99.74756952016706,-3.776184236495524,1.2085555610590477,1.6511442774522012
Cam_0242.jpg,-90.31078743700147,-33.00689791578606,99.42272795410636,0.13616017417562742,-0.666399609886952,1.5522009969836894
Cam_0243.jpg,-90.4934042137758,-19.168767903070844,100.65435265624895,-0.40246466914472634,0.4000855812660885,-2.319320153161795
Cam_0244.jpg,-90.9603975483399,-6.154830358824496,99.43066026461392,-4.728426021438152,-0.6459863471775382,-1.347153672618407
Cam_0245.jpg,-90.85726772158478,5.625424565456819,99.64882947893419,-1.4034563427366198,4.803100457949268,-2.244569326487407
Cam_0246.jpg,-90.94703903623538,19.525439230750088,99.21573361649179,-4.102919536153345,0.07423562097540237,-0.28503347647514643
Cam_0247.jpg,-89.04331212857353,31.399289765608952,99.58332641948817,1.7595132496950119,2.6818776736457406,-1.4033522463691397
Cam_0248.jpg,-89.7530268258931,44.85972403860578,99.39640196430175,3.106265861844404,-4.561543314759069,1.4666326422978444
Cam_0249.jpg,-90.49796314904569,57.961526335502846,100.1623484647969,4.314166393789798,-1.6562044699737688,-0.48254561255086736
Cam_0250.jpg,-89.01852414617926,70.76922025176698,100.00647868996475,4.202778779819038,-1.7563942529050354,3.4910585488223864
Cam_0251.jpg,-90.15405970764523,84.95100209124884,99.60669131821442,-1.5964286422478997,-1.4964538575758108,-1.9780174949012768
Cam_0252.jpg,-89.1887707560514,96.1735949302324,100.88612528600231,3.2326725710716944,2.7243971820864035,1.5370395487359665
Cam_0253.jpg,-89.99917152028355,110.23540056416178,100.46113327765426,2.4600264860893213,-4.239102862391401,1.079401705702438
Cam_0254.jpg,-90.4457184761747,123.45067951483313,99.96777030228657,3.3432730189792035,-2.826429602130614,-2.3265761174373183
Cam_0255.jpg,-89.36373519617442,136.4802351960922,100.16071323177606,-1.2546205524069682,2.7450407495757685,3.9827869753164915
Cam_0256.jpg,-90.46867878516548,148.04911988812404,99.01357363237209,-1.9444777746747954,3.152206693533204,2.822642750327105
Cam_0257.jpg,-90.97660230770397,162.81727669783444,100.62038907648181,-3.1565270292352072,-3.799976386307108,4.302596689244832
Cam_0258.jpg,-89.7171987904927,174.57203410376115,99.75324910159254,1.7773913362253535,4.816446383278233,1.66510469448038
Cam_0259.jpg,-90.80462827419737,188.96436682335073,100.84603162292409,0.09535711880969333,-1.3716556195120084,0.5730178526948868
Cam_0260.jpg,-89.179836993932,200.3166478177463,99.84559570222531,-2.17821322921235,0.2080814045738355,2.1816279757301067
Cam_0261.jpg,-89.03403173789721,214.3310764981094,99.90301918802957,-2.5907846348592845,4.2699179649636845,3.512907755355287
Cam_0262.jpg,-90.65952304443793,227.49018443076494,99.19847175860534,2.65015629845993,0.48133528037923246,-2.5119604511656832
Cam_0263.jpg,-89.71885436662919,240.99600986715893,99.1687541418368,4.259930534071135,-1.5746605149144415,-4.352361170974751
Cam_0264.jpg,-90.27493499086384,253.3094873514564,99.78310301905557,-3.9405179940357833,1.505978692316475,-2.215654305684245
Cam_0265.jpg,-90.05602978461319,265.5146286886389,100.14371740755357,1.242734765430498,3.010211915517414,-0.7480771802754154
Cam_0266.jpg,-90.49109445424486,278.4540887138699,100.16690218670766,-4.432708776960133,-0.9726096723839921,0.7477760677763519
Cam_0267.jpg,-90.87219793692365,292.6662800069861,99.74899008693212,-1.0946773295398577,1.8056802695660474,-0.7991204041998119
Cam_0268.jpg,-89.80286296140987,305.064892163992,100.63847928683496,-3.2803168855128426,-3.6220126704571296,1.5676743193218716
Cam_0269.jpg,-90.07696844796918,318.03252237909237,100.00590263361931,-3.831555788951752,-2.995036292606324,-2.0759802131435205
Cam_0270.jpg,-89.16006316202187,331.5045096688913,99.07224739384867,-3.506389767544361,3.3431222263891587,-4.280205269123647
Cam_0271.jpg,-89.95760110829997,343.35543685074197,99.81771171966955,-2.382794540349124,1.1334255081134943,-1.183580342985116
Cam_0272.jpg,-89.8562408994284,357.1279696249331,100.9169608839545,4.434089962618979,-2.3358511424613924,4.174298233906672
Cam_0273.jpg,-90.86280119954199,369.2844921161151,99.71039111992346,0.30765036429844683,4.626760147836552,1.4385202260345626
Cam_0274.jpg,-89.70114024153402,382.9219009186787,100.04163133191288,-3.3056486696851173,0.8565447424608235,-2.5537774968024776
Cam_0275.jpg,-90.09895926206984,396.9532432213901,100.26682766342834,3.2592879314742413,3.695040554902554,-4.221139071496491
Cam_0276.jpg,-90.05545530759112,408.9103059810924,99.94301706607257,-4.795966219011652,-4.903532831699264,4.047750004620671
Cam_0277.jpg,-90.68887719805966,421.81479926295253,100.31231311782953,-2.396564722740999,3.173636275444281,2.6695998660293188
Cam_0278.jpg,-90.80390290700419,435.8120959732567,100.10071798510924,-1.2273823297188091,2.4392866549082832,-2.236414254004228
Cam_0279.jpg,-90.58664430089051,447.650747528059,99.90890767686263,-0.9305776755769631,0.44524742861620914,-3.3571679245376838
Cam_0280.jpg,-89.25012899224814,460.42710545269773,100.71080827491473,2.6837071688850633,-3.015137785524475,1.390840541055991
Cam_0281.jpg,-89.24856362596316,473.12729782799136,100.794540598247,1.1183736877904353,0.5759176781785856,3.253622245252634
Cam_0282.jpg,-90.79656696459799,487.54990377107157,99.11006252794488,2.0746037292977006,1.4895445258416184,1.6464026179064408
Cam_0283.jpg,-89.86835995835446,499.49756581750626,99.2610965985101,2.7006786339508184,-3.236062465745233,-4.69629373133996
Cam_0284.jpg,-89.05892853019517,512.7622663360037,99.00159688882638,-2.9880490649461757,0.4046029266412342,-1.0072555616699064
Cam_0285.jpg,-90.38599830877708,526.9058176375244,99.81412871388854,3.038676359164933,-1.5071754578895553,-1.4397600157632793
Cam_0286.jpg,-89.20156038402689,539.4456338929328,100.45836813625081,-3.7189320174100726,0.9190720485081054,4.839681735375353
Cam_0287.jpg,-89.01607480026328,551.3550154217664,99.30604721619899,-3.2982562630970715,2.1115725823789226,0.7886618970659375
Cam_0288.jpg,-90.55093908465473,564.4313233686275,99.33761244705055,-0.1374139441336415,1.3830150784522126,-3.5155129558822162
Cam_0289.jpg,-89.49929722858228,578.7106478503182,100.5930607830659,2.1230965599893796,-4.797357181674866,0.3787729615019094
Cam_0290.jpg,-90.8912610227837,591.8899054286129,100.12044860543564,-0.948662061076444,-2.6910307117514747,3.407454879727815
Cam_0291.jpg,-60.7129290711881,591.2244673669211,99.52215492230728,-1.9114917249895873,3.666194674456726,177.58353215667867
Cam_0292.jpg,-59.07478844910296,578.1350557024978,99.76060202319512,-1.9850555026936976,0.3745364898420387,184.97714058784737
Cam_0293.jpg,-60.43384752043811,565.2070616619751,99.61408569314058,-4.551754037412146,1.1963489839002577,175.9907016534618
Cam_0294.jpg,-59.11378294038506,552.244594728225,99.626963243999,-2.1067908618327054,-4.581665709496604,178.53891676606065
Cam_0295.jpg,-59.104558399156225,538.8841376142758,100.04566186729404,-2.784895862131743,-3.746414687400745,181.08303787554004
Cam_0296.jpg,-59.04599634639227,525.8142719219854,99.35075101804914,4.376082341105925,2.7222874237045644,182.71769222231922
Cam_0297.jpg,-60.052495027984314,513.563545316306,100.74649348023934,-1.6901593958676848,4.833915388808875,178.62569914587093
Cam_0298.jpg,-59.66817718898038,499.9931555639001,100.5461476799944,-4.229014179527644,2.8108984694345516,183.5608035679827
Cam_0299.jpg,-60.758069204971264,486.7994397673281,100.965441236364,4.451160694459592,2.137911850459909,179.01862078071926
Cam_0300.jpg,-59.642679369750084,473.7808169600147,100.40733797733364,-1.7418305490035402,-2.7370662240542813,180.67165633549743
Cam_0301.jpg,-59.61298604010229,461.00111474343475,99.81877120046846,-3.3779460624777693,2.0909001527679303,175.40461172445504
Cam_0302.jpg,-59.1932089573149,447.85810063829024,100.09687975669824,2.499547595651598,4.596092763066041,176.00058504644073
Cam_0303.jpg,-60.21143220976759,434.7201274798543,100.68977917107772,1.7034095744654398,-3.0312761337282703,181.98106378500137
Cam_0304.jpg,-60.5679611816085,421.88946981494684,100.06588159708782,-4.3331708453118445,3.437685899986241,183.6006527422777
Cam_0305.jpg,-60.09739043807108,409.3021488516823,99.96094721464384,1.8055061871628948,1.4083957878692257,182.3867326655624
Cam_0306.jpg,-60.83369822836512,396.86088026249257,99.58876820723512,2.802605024973494,0.7938306658364289,183.61330219242444
Cam_0307.jpg,-59.121816403182834,383.7258620065661,99.46368665097314,0.4039532990139949,-2.561276451639531,177.74553882589808
Cam_0308.jpg,-59.87881600150164,370.2891628310338,100.09801821560083,-2.4371385126545553,3.294364155553467,179.8957698434964
Cam_0309.jpg,-59.87841383121019,357.6022983123366,100.89377357711979,4.2093225095119235,2.3299795091817,181.96298303121878
Cam_0310.jpg,-59.690883232875926,343.81381109274287,100.00515279421548,-3.3541086961141082,-2.03633688791196,182.46865657165984
Cam_0311.jpg,-60.09920022452325,331.4462933572214,100.16326635741447,2.485598120082142,-4.138673425079796,179.75613852704547
Cam_0312.jpg,-60.080243950136925,317.6359552062799,99.0369908104198,-4.854273491629341,-1.8603644404323516,175.22739749056612
Cam_0313.jpg,-59.46636559011118,305.9942933866033,100.39808592029677,-2.8605769042863884,4.147011249989754,177.96808144770262
Cam_0314.jpg,-59.90303700297953,291.64400538560966,99.26659212401641,3.0084292785229545,2.9010430407140357,184.6545776889574
Cam_0315.jpg,-59.04520135420912,279.6928294336245,99.68504431332727,-0.5360133286212466,-2.261098690012382,179.84136306688384
Cam_0316.jpg,-59.67807542765537,265.8243257098655,99.70631338167722,3.1900264309517867,4.1387108716098755,182.5226533213563
Cam_0317.jpg,-59.77507121140525,252.5568488887929,99.08568462906304,-2.687466652396058,1.9592342751632947,183.11302009469293
Cam_0318.jpg,-60.47024998989044,239.4422386247099,99.04464387516211,1.1749474803367128,3.6409659356754354,180.1525001717249
Cam_0319.jpg,-60.157266069049136,226.50282690875304,99.08703947565603,-4.203527142465802,-0.06476412928456066,178.0660329273812
Cam_0320.jpg,-60.017155963783736,214.05382820174617,99.45420138628415,4.8939806087495565,4.570843383042087,184.07038141632745
Cam_0321.jpg,-60.08150298204306,201.80702046680605,99.84769948247784,-2.2952932972062747,-3.301373729646397,181.2819152775138
Cam_0322.jpg,-60.04935685261609,188.20127520405887,100.77199231518787,-1.7149863163050996,-1.1599817595964868,176.71122014476828
Cam_0323.jpg,-59.74504016421333,174.66602219980243,99.07669299553669,2.7520149616862337,3.757146481379776,178.62337031188363
Cam_0324.jpg,-60.43408397924033,162.49885077325226,99.88521318762476,1.0306599352271713,2.4973725522702157,178.08484258304662
Cam_0325.jpg,-59.0949926512668,148.99890524815243,100.05547888185407,-4.287910711588896,1.446367763759319,176.9004384767256
Cam_0326.jpg,-60.90233095211512,136.11562563095552,100.576583592383,-4.531214719709971,3.9627764451419636,182.95472750958768
Cam_0327.jpg,-59.259883570527826,123.48897720916801,100.43617488220595,-3.7976911631899313,4.4202528863644375,183.30738683734876
Cam_0328.jpg,-60.27216735865058,109.61399851919154,99.63172124347686,-0.028780432256380273,4.961072526823497,177.4254719825868
Cam_0329.jpg,-60.23860243696165,96.66291225562291,100.0556365945771,2.493157680802981,-2.4715227483321875,175.032174223115
Cam_0330.jpg,-59.291363505961456,84.54516965467133,99.29609554498657,-3.3013209463869204,-4.613908229608674,183.27705339172948
Cam_0331.jpg,-60.727236999140004,70.61291824237715,100.58591657629876,-3.5088160602249516,0.3494803213087748,184.60895330045744
Cam_0332.jpg,-60.084231692940506,57.52719531034757,99.1073278638167,0.22499415051983607,1.7830296564216481,178.71970590567435
Cam_0333.jpg,-59.2940215679903,44.70381655225337,99.40873412815223,-4.84981313222274,-2.6637883730598078,183.91679856620178
Cam_0334.jpg,-59.88377744989824,32.817114634735596,99.4913938011428,3.1116204987005927,-2.5205351990854,177.68194866187008
Cam_0335.jpg,-60.576046317493144,19.77572628274942,100.93608418532816,-3.896734162392106,-0.03860780060884339,175.59828422837234
Cam_0336.jpg,-60.59178113956137,6.371283954603666,100.8247484979811,-4.242226349114914,1.5717955632563525,176.001322381114
Cam_0337.jpg,-60.568351251618964,-7.205042429696329,100.92213425456059,-0.11488079193609857,-1.3366536096835884,176.00220906567293
Cam_0338.jpg,-60.33174113479459,-19.872406206571487,100.08838822867777,-3.038100514686815,-0.23864360411420305,184.46317336730633
Cam_0339.jpg,-59.29063973370889,-33.26842367426168,99.73731357592432,-0.7058110395083106,-0.9751688936558005,184.29498288700796
Cam_0340.jpg,-59.84844595048022,-46.66032078539711,100.35022436376018,1.2829960069811834,-2.7859268619263995,182.97230981959
Cam_0341.jpg,-59.263605111721574,-59.43243628220017,100.63587393333346,4.642941997763296,1.3087107875590247,177.59250952916287
Cam_0342.jpg,-59.63452431825033,-72.78207457249759,99.0002734791571,-2.795449221667129,-1.7852213593807285,179.7597507860698
Cam_0343.jpg,-59.42809941682821,-85.52268469085104,99.02529779635081,-0.7970572765508478,2.5265742554080526,183.56173334444082
Cam_0344.jpg,-60.37583009097818,-97.05559114330597,100.240079944702,2.960062428964451,1.6737129260363037,184.96838700488166
Cam_0345.jpg,-60.4229580775812,-111.5140408128866,99.89659776417392,2.792046968031076,-2.8469614283917526,184.87211292979515
Cam_0346.jpg,-60.26148719066912,-123.65920440939112,100.31747123457743,0.4192203052426213,2.2398051492478084,175.5531501250932
Cam_0347.jpg,-60.48454826374688,-136.19695032728643,99.865728168915,4.752752709923755,4.841001980388591,180.82209559650678
Cam_0348.jpg,-60.620939552758756,-150.7226610964888,100.11197746576477,-2.945078405234941,-0.3337249076921147,175.391755730228
Cam_0349.jpg,-29.155174001964095,-149.6850941556023,100.81323428512293,-0.7203607585622366,-0.3394917289542396,-1.5601803513778267
Cam_0350.jpg,-30.37139656811281,-137.619835524059,99.90561466681275,1.84807604672736,2.4189303561226105,-3.3947742055581367
Cam_0351.jpg,-30.96080008415865,-123.31633342457013,100.46507628824855,0.7180050957350491,-4.07160192358489,-1.792558965139579
Cam_0352.jpg,-30.118924433655742,-111.10692372882951,99.11014663917167,-0.620956664874744,-0.7893887199652724,-2.1826471339916704
Cam_0353.jpg,-30.16102690872722,-97.98304839942824,100.31981918645104,0.7741550828721963,2.8625427170649136,2.0572954931737515
Cam_0354.jpg,-29.571384273482856,-84.53060077307153,100.65074684403422,4.774893041479546,-0.7041815358024854,-1.9532038426031275
Cam_0355.jpg,-29.216912743854717,-72.719393110381,99.70786615631629,2.7563720631530915,-0.501265618568615,4.506143147162396
Cam_0356.jpg,-30.852331896624992,-58.893647909000535,99.38026481107754,-0.7832327911260775,3.1240676083156393,-0.021547482703124565
Cam_0357.jpg,-30.334110699415092,-45.75482706792826,99.04641159191323,0.16665556474302834,-2.1985071268389307,-4.293928559537699
Cam_0358.jpg,-29.012921965331763,-33.49631798148075,99.39973188824602,-2.653441449334677,2.083642939049957,3.804554953003805
Cam_0359.jpg,-30.902324917632065,-19.93999590829202,100.05554910964071,0.3354026485725199,-3.7329187584772994,-3.755743207706744
Cam_0360.jpg,-29.727358295214312,-6.7753817511182985,100.99328406907703,1.0480390858998718,1.7998667415102476,3.553576590500898
Cam_0361.jpg,-29.302484362345062,5.505648380611709,99.6104145989337,-1.923931444666085,-4.959593234130075,3.4010616645805323
Cam_0362.jpg,-30.967074759806,19.89559305779996,100.4092411840559,2.6866716105408806,4.167134096021279,-1.6312352906814733
Cam_0363.jpg,-29.57175823900264,32.91622850625568,100.12965031396413,-4.858503727514452,1.7528657268981438,-2.845326912819008
Cam_0364.jpg,-30.46221207470257,44.0365266431065,100.3915826349973,-2.8139874272252046,0.3927896569212078,-2.471436787433718
Cam_0365.jpg,-29.371952221974688,57.99163102499814,99.39511715949536,-1.1890946368334094,-4.286527578990689,4.593301438891908
Cam_0366.jpg,-29.98544206368976,71.30447262808173,99.22850481852245,3.6637910598471497,-4.707737022996043,4.035774364892384
Cam_0367.jpg,-30.81229089618076,84.44059982174724,100.3151195309933,-2.11914711863896,-3.7321458405738097,1.0694778579783513
Cam_0368.jpg,-30.44353925270742,96.96265223386948,100.63542206093977,-4.418840070135214,-0.6894221386198346,-4.5552193369427805
Cam_0369.jpg,-30.69422642930261,109.16429681864254,99.24413007011435,-4.187485429437305,0.2739082850075769,-0.461008357417926
Cam_0370.jpg,-29.32747151909049,123.89643077487962,100.72281781246527,-3.1258853049989397,-3.3182244779322425,4.711933630035821
Cam_0371.jpg,-30.594291902512758,135.78082544915955,99.07758531176961,1.7383225372602689,-0.742972010433535,-0.2697820974808329
Cam_0372.jpg,-30.284937425180964,148.93310544714922,99.34222007457674,-1.0471662112470566,-0.671396879241424,-2.779978748418997
Cam_0373.jpg,-30.645729584294056,162.29873139763285,99.53207135737757,1.7810205750457224,-0.4633320281430813,-0.7270725558357257
Cam_0374.jpg,-30.249827223222507,174.98380329095042,99.95434760968998,1.2083981172110319,-3.162690308784457,2.0189369905489225
Cam_0375.jpg,-29.63032982884524,188.47309221199293,99.54261927608049,-0.9721150170669427,1.5130346936513113,2.6117824518325614
Cam_0376.jpg,-30.79475164549763,200.35642276824117,99.94353022953999,2.862109225533007,4.64558904356395,2.0134838884001294
Cam_0377.jpg,-29.425994571601223,213.38664024023598,100.95322123272211,3.028761725518753,-4.253723575454865,-1.2447943737673914
Cam_0378.jpg,-30.248209791158025,227.02536850233724,100.37160871450514,-1.2712935424498437,3.5022364120777425,0.978983956752927
Cam_0379.jpg,-30.297012618839894,239.8761034356115,99.41152808473619,-0.8968120947508232,0.16490192318164865,3.7205413263788074
Cam_0380.jpg,-30.31033308888192,252.13552422890322,100.07598713699397,4.646447911709405,2.0477273863687344,4.057410938968516
Cam_0381.jpg,-29.06252226730145,265.63830626059234,100.75405771515275,2.7256932171996517,-0.7807054311668432,-4.326401490407224
Cam_0382.jpg,-29.60418350215003,279.4827276900311,99.97057081131646,2.9834393320152888,-1.7233317175234952,-1.7560589105197932
Cam_0383.jpg,-30.121692638109288,291.9380947983449,99.57957346050974,-4.879374410772008,0.743452828061352,-3.8227652806775545
Cam_0384.jpg,-30.88569562446258,305.4551458664012,99.37286999887398,-1.6428247852984355,4.728903082840383,0.6797705609398123
Cam_0385.jpg,-30.2538937780625,317.5748151597937,100.18736359876016,-2.8684813505531515,0.49593711424323494,-0.9385715702639034
Cam_0386.jpg,-30.482682281335766,331.5288357238818,100.79613683187057,0.2971283423339347,0.9189017604885563,-0.7064147523631426
Cam_0387.jpg,-29.597873556999637,344.14382736727725,100.92125694008887,2.0008787331305777,2.7594975953239054,4.128468818029573
Cam_0388.jpg,-29.58042320205783,357.04548622877587,99.88555624097114,0.5353604126287829,-3.2245644885650617,-2.076577773300516
Cam_0389.jpg,-29.870786427050234,369.8008918062149,100.67914546595492,-1.5482119802036065,-4.6187268030451865,-4.086240278958273
Cam_0390.jpg,-29.176813826275893,383.1566459069118,99.01672102523942,-1.6267997433865906,-2.0363725546542817,4.228899833198968
Cam_0391.jpg,-29.152318107471007,396.831236983066,100.16838179322212,3.397177525638603,-2.8242339268871675,3.4000691155392833
Cam_0392.jpg,-29.05432299915346,409.01042453371406,100.99195633868416,-1.962957285786128,-1.4329415773842977,4.853677755662674
Cam_0393.jpg,-30.08410570371466,421.33490291343486,99.1094167525461,-2.3212910741829873,1.2221692836093268,4.435713593710996
Cam_0394.jpg,-29.949981402420246,434.80337591780153,100.09533258333542,-0.6915485612647145,-4.1979021617346355,2.2013932712924174
Cam_0395.jpg,-30.440807541582917,448.4557155633257,100.05054123571604,-1.0964702251617786,-1.9546527241474059,-2.1816589531018327
Cam_0396.jpg,-29.823245624039284,461.3409470435338,99.55573118435773,-0.1531378794455559,4.991060764524395,-0.48367236808449066
Cam_0397.jpg,-30.80108241891716,474.83452310677006,100.32970755762896,2.876893741559992,-4.196416469726805,2.328905286597509
Cam_0398.jpg,-30.453042966404624,486.90814973139976,100.37063692826581,3.0184491748162916,-4.425474405192084,-3.2275591337224316
Cam_0399.jpg,-29.586881874242835,499.4672167289018,100.99423015262425,-0.3926795742352197,-2.1530387369388566,2.2523413091534037
Cam_0400.jpg,-29.912732518364894,512.1003374489011,99.00101400466704,-0.033272922477663336,-1.544349184492484,3.3523942587998348
Cam_0401.jpg,-30.395532157804123,526.2350214418691,99.39093203870888,2.4923102583353742,-4.5883131962986,-3.915063736289644
Cam_0402.jpg,-29.28591917211057,539.7078655867002,99.80388781551862,1.1945269841102957,3.3340933163383433,-0.5535295181649652
Cam_0403.jpg,-30.37469086053539,552.8733614123494,99.33943619933595,-2.611296990255074,2.5713097428689062,2.9010961637609816
Cam_0404.jpg,-29.25555417491722,564.382526604931,99.13460304726928,4.386201269854039,-3.7406316955047356,-1.321243684517153
Cam_0405.jpg,-29.78292747855911,578.7921698507788,99.00249718419032,-3.9762010799797167,3.197313654971497,3.009631990366165
Cam_0406.jpg,-29.46450429702641,591.1025998757233,99.26849713203329,-1.3031833778194608,0.9166762151858013,-0.013572841981009054
Cam_0407.jpg,-0.8974159844230702,590.0114229670444,99.73442056273905,-1.14103230711259,4.2364013866374295,184.05439807711264
Cam_0408.jpg,-0.7744147723931402,577.1157871258272,99.02688389515731,0.9988500625019521,-4.920541660913881,183.54806745983183
Cam_0409.jpg,0.778233604932617,564.8366233329373,100.72289557427871,-4.958180520905559,3.7671074759493024,178.64664546848238
Cam_0410.jpg,0.21120657198623172,551.4793228964968,100.3853015498081,-0.44826107899605594,-1.258231246714106,178.97567688076774
Cam_0411.jpg,-0.37258352183794907,539.8085385842047,100.68665413177172,2.8675317612971516,-1.5403024080203815,176.5119756757321
Cam_0412.jpg,-0.25684960676941115,526.2245294936889,99.710590516374,3.558044900222837,-2.9633011384066705,175.898663926117
Cam_0413.jpg,-0.2742718257820962,512.4984656380065,100.13694792404856,-4.288693851392242,-4.831827022364642,179.1442649315537
Cam_0414.jpg,-0.977552603813752,500.46336618059377,99.57657341353011,-0.46897415848112445,-4.725675209675178,177.26601351613675
Cam_0415.jpg,0.2850492789953062,487.45802688683204,99.16958079888032,0.19850636444610625,-3.6861052126847267,184.98017115131142
Cam_0416.jpg,-0.752747905827304,474.3243820959203,99.44409993586123,-2.0554000803461574,2.1511604102930866,178.55781488415153
Cam_0417.jpg,0.2809873140711229,460.42209978642313,100.97979041434593,-3.544507089788163,4.497623616581896,177.6425757389764
Cam_0418.jpg,0.3487505930694572,447.28458803136255,99.86529046853008,0.5931372144549997,4.994647921944205,180.8499099010197
Cam_0419.jpg,0.36684370773651376,434.51831001951973,100.12405410128304,-2.3003759103841994,3.4400380193255917,182.21493613850413
Cam_0420.jpg,-0.284448021173339,422.04536190143347,99.3197660936489,-3.474872181759003,2.382364997414144,179.19163018814476
Cam_0421.jpg,-0.7797004328968287,408.7530935085568,99.68561224674731,-3.356112544098218,3.971988041212075,184.6787939350174
Cam_0422.jpg,-0.7827744671100264,396.37713833988136,99.92725558641972,3.5719289525646865,4.41338122659655,175.245269653051
Cam_0423.jpg,-0.43614779643054435,383.53217647132453,100.49679562627871,1.6923833411317246,-0.018692423603478336,183.10666692253503
Cam_0424.jpg,-0.047765496354479464,370.11840774712294,100.79679354031852,4.758381778690751,0.43837188829188434,178.5384569620866
Cam_0425.jpg,-0.16805300869611028,356.77285162446645,100.73866055320981,-4.207451510963874,1.7044298667798716,177.41294226580132
Cam_0426.jpg,-0.4564402182358197,343.22496873208974,100.20326279009821,0.7351055615951807,3.0638013758875964,183.3055440855034
Cam_0427.jpg,-0.45166279118509056,331.2377353971976,99.28603382408683,-0.7562204119099508,-3.83015868266783,177.41940971315944
Cam_0428.jpg,-0.7307078252562674,318.2774721669975,99.5011249831459,0.31316971785267356,-3.3768394877315724,181.0242795438728
Cam_0429.jpg,0.6923070406942036,304.5565844866969,100.6432306117167,1.8850981399241749,3.4335105508506327,178.2205622329748
Cam_0430.jpg,-0.6987708091054784,292.4884980557792,99.02521692450848,-4.555809064357341,4.110440547707096,175.14959739431467
Cam_0431.jpg,-0.5129013333756443,278.28317101163793,99.48398530456379,-3.790222044586317,2.873998738779452,178.69570995500203
Cam_0432.jpg,0.8907066212825995,265.92499537238,99.01375122154883,-1.1626487781411223,-4.725989727441022,183.80479532547727
Cam_0433.jpg,-0.2676089175028209,253.46604632704316,99.22797735784944,-0.390713831482265,-3.5235217899984828,176.31516519206812
Cam_0434.jpg,0.7493508798928448,240.8531207012091,99.5929534064866,-0.1601383376505311,2.6523677133553396,179.4145505560714
Cam_0435.jpg,0.2308269405440827,226.00425647141898,100.58689000830734,3.649675035995249,-3.2419375754024724,178.7572533631261
Cam_0436.jpg,-0.3687107202245331,213.68391426193512,99.34904142598643,1.386966617416027,3.645773135356612,181.30257122858794
Cam_0437.jpg,-0.7566730757728606,200.6371599347772,99.81516634742057,-3.0544558980610916,-0.7623335577867387,184.61939095112314
Cam_0438.jpg,0.5778392977944639,187.6062201509133,100.7361764142797,1.46214167345117,-4.565820256892162,175.82648285632072
Cam_0439.jpg,0.2276432710414097,175.85189541597452,99.35340960713657,-4.369549559257351,-4.863769899216614,179.419794062542
Cam_0440.jpg,-0.7106484125499208,161.66468239664218,100.608591980064,-0.22992832970428723,3.26665788680869,175.69865917692195
Cam_0441.jpg,-0.4323689087036685,149.06472244224884,99.37898330584353,1.7659254447607777,3.6007127771496883,180.25386231137978
Cam_0442.jpg,-0.45305673263175705,135.20416304005235,100.89346242932552,1.448978274716299,-3.663682261977609,177.32766306119808
Cam_0443.jpg,-0.9462272219766761,123.00410848808787,100.13556982335403,2.121907407422356,3.0015878432530068,183.01566480585737
Cam_0444.jpg,0.8383729500103769,110.35791652815978,100.48804974394835,0.09686853441998733,1.4978650095864074,182.86232940668822
Cam_0445.jpg,0.9182620164776205,96.33255890712843,99.65603817059402,-3.8561076290343475,1.7528402075616047,176.01419461684767
Cam_0446.jpg,-0.8225770889640394,83.44807065040776,100.09142046709945,-3.7544911979684703,4.047442602179494,182.7983758102814
Cam_0447.jpg,0.22066955874224603,70.45955840583538,100.29190761207438,1.7882757001538363,2.1031827299009795,180.81898860478537
Cam_0448.jpg,-0.973128300831413,57.64721285722583,99.56531946020299,-0.6754505379954588,-3.63456792300948,175.87787148767464
Cam_0449.jpg,-0.6718116671663772,44.26013956955091,100.91619395986662,4.836503011696566,2.8134931647589787,183.34760736083925
Cam_0450.jpg,0.9293905703387065,31.932966663371158,99.18644397552528,0.7533799249790216,-1.6796636993019638,183.042195631971
Cam_0451.jpg,-0.11024343804805059,18.16151760452234,99.36477714146126,1.3009632853015298,-4.674197252320884,182.77445438788175
Cam_0452.jpg,0.7564041823331862,6.49225918032455,99.32193564949527,-4.750659686229522,-2.5273158902176625,178.37300105460324
Cam_0453.jpg,-0.8530293340015602,-7.988206200147049,99.80649793525109,-0.8652673990522687,0.9626906558134904,183.82048174919848
Cam_0454.jpg,-0.47524757054699474,-20.706762024127606,100.65951365074805,-4.895817548173583,-4.846296355495149,180.94901923950405
Cam_0455.jpg,0.6137481629514911,-33.96987148458867,99.48647827266609,-1.0710871444029262,3.950869820118319,179.22116070783142
Cam_0456.jpg,-0.4072733737580596,-45.39805333489143,99.92178122630847,2.490539796674982,-1.0268922758596237,176.81132753948597
Cam_0457.jpg,0.04950087814164694,-59.45844837753267,100.38107812364399,0.9379246420077241,-2.9852059803956763,178.85334443463876
Cam_0458.jpg,0.3329644804004048,-71.10322043856681,99.80044821282078,3.1669716852453003,4.398825139311952,182.03386434831364
Cam_0459.jpg,0.14627441203741687,-85.4939994937609,100.1043458347927,2.4605033585233027,-3.0965270845697734,178.263621785451
Cam_0460.jpg,-0.22749603321452616,-97.96023851528682,99.5713088740239,-1.334196627621747,0.04942192286788416,182.58129588196022
Cam_0461.jpg,-0.5594683376980747,-110.08446111103815,100.23307738674964,2.701319658452864,-2.1067988451548447,179.95794549594447
Cam_0462.jpg,0.09552197527131912,-123.84872807225659,99.0746050781555,-0.9459751899176748,-2.7633103398783385,180.3138644322739
Cam_0463.jpg,0.6982209712356368,-137.88593296117457,99.89095924081502,0.4799060426505152,3.297048389126584,178.22923474466995
Cam_0464.jpg,0.8552703330140549,-150.50340220087108,100.18424553428213,-0.6298942999632372,2.2685676997754123,177.2353517862148
Cam_0465.jpg,30.887105252744938,-150.3575459941558,99.65957641863166,-4.853644592849352,-0.13006814067663353,-3.753383034233561
Cam_0466.jpg,29.801561376883445,-137.15590445030614,100.1294005902218,-4.444354799377987,-3.8261979608949135,-4.322078746784184
Cam_0467.jpg,30.59097859781643,-124.56220081496652,100.6019369620569,-0.8104288348940013,-0.44245728521275984,1.5607397059558306
Cam_0468.jpg,29.478929812473016,-110.431790111889,100.31810983478258,0.8178732293561286,-2.7718175469047344,-4.056169558302255
Cam_0469.jpg,29.998524526329966,-97.63821348678692,99.81120661984433,1.0704226459509947,1.8628379722482282,-3.1773912660161736
Cam_0470.jpg,30.16435321414273,-84.35617280561353,100.13595047719022,-2.164329791424745,2.255078845898116,-2.8758467813552135
Cam_0471.jpg,30.222215505766894,-71.68401908447078,99.49195404819146,1.9794262536549172,-3.763943036682327,-0.22979460280546005
Cam_0472.jpg,29.41552971680109,-58.757910501721064,99.95570497826967,-4.320075113187066,-4.108947226306162,-4.587034277156194
Cam_0473.jpg,30.247365189177646,-45.09183108114422,99.72379532339679,-2.6129431033519053,4.683533402525828,0.1989219335007636
Cam_0474.jpg,30.063252712053394,-33.4182202902678,100.01636205334087,-0.16678432430590695,-4.354318044071187,-0.5417336880742879
Cam_0475.jpg,29.630224368128058,-19.358286746018514,99.07737275813524,3.1720302323955174,2.3908814965262746,2.147452562941316
Cam_0476.jpg,29.779984145963304,-7.694557040881115,99.43890839591054,1.106192444610729,0.2652438976684094,-1.887659526792215
Cam_0477.jpg,30.207139987930294,5.845436346270714,100.86737951092948,4.523582739152939,-3.389786559969519,-3.266844276334335
Cam_0478.jpg,29.939690375181932,19.063220306735907,99.71938192346538,0.4324512377774572,-1.7911943644879456,-0.5666336372281875
Cam_0479.jpg,30.490871580394522,32.08801512591257,100.81423444711977,2.4290912707655923,-3.8214797141586403,0.9729304979428827
Cam_0480.jpg,29.045529196255956,44.91483916109272,99.52327148633404,-2.957373161810545,4.0392838120612495,1.850721136366948
Cam_0481.jpg,30.61377233680041,58.69979294904199,99.05780752870794,4.98436764169646,0.39128649856919817,-2.9449168908009935
Cam_0482.jpg,29.41501405588671,71.79096431747695,100.8685607948021,-1.9740368034851499,-3.7409156970361757,3.62614893696417
Cam_0483.jpg,30.33990532586566,83.28146882599283,99.54333715025605,-3.2067330927519233,2.265577853647864,1.5079504226918596
Cam_0484.jpg,30.583643456319166,97.0299321810155,99.60252365181687,3.2798919129102444,-2.309935353166738,2.9073752221382296
Cam_0485.jpg,29.388624780807884,109.79902993647089,99.80075317702568,1.543977085566479,-0.607140781867387,1.2848292877919898
Cam_0486.jpg,29.40346112587258,122.20041388673306,100.64404939931566,2.686489042651365,1.6611292429216526,-4.632617159627195
Cam_0487.jpg,29.946503300525247,135.8538272928979,99.98812505708231,1.4483196443475979,1.6290993808388046,4.131609231548508
Cam_0488.jpg,29.756436015729697,148.99021361895117,99.66259388603011,2.836058790144416,-2.4435136920054954,-1.1964986259405326
Cam_0489.jpg,29.989765211429443,161.54165761617406,99.12568762078854,-3.5127938442738964,3.9336388769130877,-1.7148087526103173
Cam_0490.jpg,30.15364778723779,175.07141720639464,100.13435804299336,1.541655574682761,-4.524977322597595,4.993617369967175
Cam_0491.jpg,29.64917880364199,188.81974260924812,99.68794844530215,-2.358239594868364,-4.780351203899082,-3.2096086340127306
Cam_0492.jpg,30.058835065240757,200.24298940290473,99.37411351450669,1.4692167944426444,2.0484154325634947,-1.754313218981515
Cam_0493.jpg,30.690957702609722,214.69239569362634,100.02294925658933,3.304235734363388,-3.0150361548474884,3.228662015595862
Cam_0494.jpg,29.23274980010471,227.96023526253964,100.47080888912066,-0.4708077549195715,-4.27357279524746,-0.44115570917475777
Cam_0495.jpg,29.912529142505004,239.84673222205743,100.75284454440076,4.993001314186724,1.785693684250547,4.0956847337233
Cam_0496.jpg,29.996750036147436,253.5966041196027,99.08915574176386,1.9272497698780522,0.42905362677439274,-0.5762944187437289
Cam_0497.jpg,30.05491340544371,266.1340066037868,99.15463814829221,2.510993505223627,2.8803710414531665,1.5462348564668171
Cam_0498.jpg,29.81007473463476,279.15609180298657,99.84946463296367,2.022501929304654,3.4301836762936304,0.26100503279301945
Cam_0499.jpg,29.483793485018932,292.4299869820565,99.2109880214074,3.5493068987200034,1.542128043608495,2.921374827302451
Cam_0500.jpg,29.43541228639912,305.7572292099737,99.0208624663683,-1.63636256600318,2.831296899716458,0.026745593354078778
Cam_0501.jpg,29.6399240482479,317.2862920128297,100.25481708886248,3.1423739038333833,-3.999595661189823,4.197527943017973
Cam_0502.jpg,29.799448642105443,331.441915389498,99.14433779693067,3.1951597468752375,3.888784722291618,0.8469903174507741
Cam_0503.jpg,29.174589981351367,344.2162196130262,99.3736889167291,4.909563304215484,0.8598425540502814,-2.2585472712183225
Cam_0504.jpg,30.943292635289318,356.6834722519649,100.11015026863753,0.34614369224956454,3.138120009963969,-3.195273606392241
Cam_0505.jpg,29.414089987357933,369.36839391759077,100.67628785031366,-0.8055525517552872,-3.912116501168105,-2.597869812520968
Cam_0506.jpg,29.139966719643272,382.2907064687471,99.13544769915396,-2.2231589753105663,4.827343691469799,0.3361641017261059
Cam_0507.jpg,30.863611131823227,396.1922219830626,100.23888480884305,-2.5890787244570577,4.390963426956864,2.7777101849849655
Cam_0508.jpg,29.977694077335062,409.7304206291847,99.71303732260321,-0.07847643101361246,-3.8394538517691843,-4.0776225107559165
Cam_0509.jpg,30.766729547102234,422.25424470446035,99.92064990565197,1.4480314461137012,-4.475933143765957,0.29170898428138325
Cam_0510.jpg,30.438232429581916,435.7289831492505,99.3193440237865,-4.844869426171886,-1.6044954850687905,-0.11357949512395249
Cam_0511.jpg,29.286938656553474,448.9366184398769,99.29642742011704,2.9579798620996116,2.5179783577035164,-3.234493201087793
Cam_0512.jpg,30.58827957735051,461.7590384143417,100.73566877481497,3.3743513644088377,-0.0669128913402307,-4.949652292830811
Cam_0513.jpg,30.38174005292958,473.024777501445,100.84237207197313,-1.0265703857772204,0.9140427449563175,-0.5947559672005044
Cam_0514.jpg,29.805620218385073,487.5679075761213,100.48495064295783,-2.548792252517289,3.3638741471489464,0.23454015664652406
Cam_0515.jpg,30.48290209979957,499.3253365554201,100.270643856793,-0.20295244671872947,-2.8850676261161596,-1.9459405929442746
Cam_0516.jpg,29.998920914200887,513.0914734666934,100.75689824761933,-1.1199681948478633,3.5489784604536325,-2.4216491605320267
Cam_0517.jpg,29.712360055642016,526.6577427827383,99.99036573129723,4.963578889648564,-1.544245514372284,1.6883843667918645
Cam_0518.jpg,29.74707840322593,539.4028396517248,99.68521588616882,4.405437625558422,-3.2402470361636166,-1.8455129566069792
Cam_0519.jpg,29.188582571144167,551.8382951963689,100.95112271635193,-2.8700715065527316,1.8269840640692208,4.032072766188524
Cam_0520.jpg,29.622901787655106,565.0156735715665,100.20097466424775,-3.007818437149175,-1.2987522424219144,-1.013542689196225
Cam_0521.jpg,29.111088660367617,578.8238818328454,100.535814522375,4.42088687003489,2.2263627829236263,1.8107284511050643
Cam_0522.jpg,30.022418117669698,590.7056420737852,99.86447765569,0.3818330086582352,1.7027831216781077,-3.8821073465331137
Cam_0523.jpg,59.39143574075844,591.9028844663299,100.48666436020449,4.042960757188698,0.22803477174140208,182.04611189382427
Cam_0524.jpg,59.736417957086765,578.7084860652026,99.69658518236923,0.26942921961214583,3.3961062944156586,183.48524624643412
Cam_0525.jpg,59.61682686597674,565.0829829137032,100.95649050811936,-3.884029553310578,-3.01258077033137,176.8008238054711
Cam_0526.jpg,60.28605678049921,551.4766750166232,99.98909206011078,3.0997945159080866,-1.9733909069875994,179.7831601030281
Cam_0527.jpg,59.25152235331454,539.4713442276571,100.6147715192153,2.9305080844160862,-4.6050612432134805,176.42963851438915
Cam_0528.jpg,60.99385754358154,525.7069085579939,100.3970199079566,4.752451718401148,-4.299117484025139,182.60795412320374
Cam_0529.jpg,60.87066607004503,512.3697640239405,100.0108840881423,-2.522727636810197,3.8552026028587045,182.64930480757602
Cam_0530.jpg,59.3184669935229,499.9325447976041,99.01698666195676,0.14786348185404075,-0.4105789280567971,180.27817830679228
Cam_0531.jpg,59.63848601597317,487.3952390445354,99.30620074879012,0.12869435047441924,-4.5807235168031974,176.3213028416233
Cam_0532.jpg,59.18216266841775,474.3124358787689,100.25780521571993,-3.36948937535588,-4.8326490880060895,183.92062636417162
Cam_0533.jpg,59.38176707864551,461.79511102838023,100.77813299773582,1.5964285728344705,-4.476856884249158,175.51585801919325
Cam_0534.jpg,60.126322950341894,447.04994048067925,99.63644811886373,-4.077834048710256,1.8966098428624862,182.02029919065833
Cam_0535.jpg,59.551021558114286,434.280323090027,99.99877611893744,0.7339389681120624,2.249631959215373,184.5123541922874
Cam_0536.jpg,59.43464310443522,421.57667782272136,99.90416279762641,-4.350706058881367,-2.3041713803159105,175.55912264348405
Cam_0537.jpg,60.49225782255108,409.8354520546865,99.44248053255106,0.8103889331347374,-2.9035506384802074,182.726769010212
Cam_0538.jpg,59.691459650063116,395.0979773564671,99.74777826269043,1.6392776846876007,-2.7687511977705634,182.7089498648345
Cam_0539.jpg,59.87011399205026,382.33801453736237,99.79605877586349,-4.15867793671325,1.5156332636549248,184.28242389725784
Cam_0540.jpg,60.00410169142476,370.8898568767174,99.63227710252973,-0.25693489800586156,0.5233220352702567,184.91686736368501
Cam_0541.jpg,60.48873669952227,356.5596057181725,99.37128086300297,-2.4017486807527475,-3.3427426805665914,181.3208864227728
Cam_0542.jpg,60.683037578605884,343.64855229745785,99.61332746775922,-1.6594165073705645,-2.274855078912907,178.51671740650332
Cam_0543.jpg,60.24802397497383,331.42286487492794,100.66829510906383,1.230991644670863,-0.19761677702041802,176.37181969345252
Cam_0544.jpg,60.09893152826311,318.400836387428,100.38715544907825,-1.259868827357181,2.3914427724969585,184.22244360201336
Cam_0545.jpg,59.01181738836828,304.0475583781457,100.21961366816801,-4.960307999173112,1.3322244326646095,179.4592979885584
Cam_0546.jpg,60.82596827662279,292.9156061368555,99.73140081606724,-0.04056705541826566,0.35592541147217005,179.88009984680016
Cam_0547.jpg,60.61185772535382,279.597258518445,99.03502222416184,4.663602505395781,-1.4774437252786607,178.43338947859388
Cam_0548.jpg,60.240516395026305,266.6869005212597,100.42796771296027,3.4907692327744124,3.877764734347243,183.20834053999909
Cam_0549.jpg,60.94970459761211,252.83540637102777,99.98371126136442,-1.614305085116618,0.07921649122760954,176.53573366442274
Cam_0550.jpg,60.71065658578595,240.5350926705363,99.45663551157725,-3.869657621343991,3.8092470240827976,179.91406183198075
Cam_0551.jpg,60.084649397348535,227.85711136194772,99.45769812934206,0.04539350026050737,-2.0351092320438093,181.13173780297961
Cam_0552.jpg,59.55809207226215,213.841495449973,100.82906238869593,3.081791142266245,-0.229948730631086,179.68049769401662
Cam_0553.jpg,60.90695170254262,201.61347347112275,99.2760384447038,-2.137563193587748,1.878525930410714,184.96192936952392
Cam_0554.jpg,60.248264286974965,187.02162938989636,100.26041895245551,2.384297411782085,1.1422502727478365,183.09891304723794
Cam_0555.jpg,60.81730316310989,174.7901874920058,100.00709597746904,-0.6195272935783802,1.7227079718360652,183.54497964909095
Cam_0556.jpg,60.34998606287111,162.8017799213205,100.03139898839271,-2.5280619009179985,-2.1661434929184047,182.9542935212531
Cam_0557.jpg,60.493821657282055,149.68974178970657,100.81846295732296,-4.449205381980197,3.7562275602378143,184.5052638117723
Cam_0558.jpg,60.434973360506945,135.98423780744986,100.51233117091051,4.33949895979865,-3.115716737924485,175.6271355617
Cam_0559.jpg,59.89225444037694,122.48800390304399,99.06372144314932,3.0512930291440625,-2.195619316405598,181.93352847022615
Cam_0560.jpg,59.446311602555085,109.81208836273372,100.87937349714268,1.0027418447428529,-4.895265152543514,180.07373564154688
Cam_0561.jpg,60.61797267609856,96.49780763856626,100.99448583834872,-1.2190473560262471,-1.426717748597032,177.90804052564255
Cam_0562.jpg,60.83016599035794,84.02974241749808,100.29977237726072,0.6490301488911582,-4.256499189098242,182.26969319897157
Cam_0563.jpg,59.104111788136535,71.49774881284056,100.968959922605,4.643861819859888,2.3319066733633527,176.1639647150095
Cam_0564.jpg,60.87526415230404,57.88336995360886,99.31318638439826,2.5638364528332205,0.8290240413250789,177.39986153442882
Cam_0565.jpg,59.260772007414054,45.00035714405797,100.90148406967343,2.603912194522774,-0.4715128390658676,177.69106235266085
Cam_0566.jpg,59.86800313022229,31.112413288278876,100.46263000323879,-1.1863044138493952,0.5166741982380219,182.79204678293345
Cam_0567.jpg,60.93416288265064,18.262848248080847,100.1099128335464,-0.9537880367167092,-3.940322774694733,177.53388454443694
Cam_0568.jpg,60.86112505242543,6.477935885928469,100.5557752491252,1.1985164959467367,-3.9348683630024666,184.3076513344872
Cam_0569.jpg,59.17521845058785,-6.539920449124027,99.63218854635952,1.9582065606396881,4.378663159483932,177.6756902189657
Cam_0570.jpg,59.02637545202453,-19.05312031718598,100.77517444981197,-4.305269430524531,-3.1721667971016165,175.1224740846651
Cam_0571.jpg,60.73490889762007,-33.80242281284865,99.72792070459937,-2.9918909316110653,-4.697109727019956,184.47640410840935
Cam_0572.jpg,60.333448304618585,-45.337316294753414,100.3309235960903,4.977184195470736,-0.8190826354440671,178.11819719695666
Cam_0573.jpg,60.698760456429,-59.03201777781761,100.49329772261217,2.590708751480766,2.3297257145446446,178.09977933438836
Cam_0574.jpg,59.720961762653275,-71.99566678898022,100.91073202222235,0.25126269177989535,3.1494389667452807,179.13196168683314
Cam_0575.jpg,60.08486751666644,-85.62121842002075,99.0452583155391,-4.551379969306643,-0.11531750547416131,180.23124312048193
Cam_0576.jpg,60.974740384480256,-98.94604124374268,100.37040682238782,-3.319798342503572,-3.5653840422810337,175.8937297481376
Cam_0577.jpg,60.04979021220378,-110.07721052208176,99.00264336872631,0.2750973455322818,-2.0879284444146835,178.83449354675886
Cam_0578.jpg,60.547726327130825,-124.10452682239251,100.63186698008171,4.692842607665905,-2.029725906301911,181.51478847743326
Cam_0579.jpg,59.12324763068068,-136.83919721768171,99.9418550389691,4.066081421968743,3.354034983315264,181.94050194029595
Cam_0580.jpg,60.822318928756175,-149.7694656901128,99.51902957326493,-0.9857547144848605,-4.017226497681122,175.33330007705374
Cam_0581.jpg,89.88254600575509,-149.77592083853122,99.22643689941583,-2.7119509734326903,-3.08658655396369,2.0563107848474367
Cam_0582.jpg,90.29476827014513,-136.82150144167372,100.16945524846811,4.181056100691538,4.125996989967559,-3.8674656914288965
Cam_0583.jpg,90.51048095633564,-123.77536786759266,99.54413330630395,2.035030591708047,0.08912796420550761,3.6595187356924916
Cam_0584.jpg,89.55311004382729,-110.4404038405217,99.15918668465977,-1.0190370105824775,-2.210541017853335,-0.32140666538322227
Cam_0585.jpg,89.63438291831366,-97.51583928621548,99.22120744302373,4.37749800720537,-2.8864358232811793,2.9917205862588254
Cam_0586.jpg,90.31412842991176,-84.39473139266099,100.91402723685195,0.3289954790935258,2.1126634170182905,-0.992406176319444
Cam_0587.jpg,90.84058979885646,-72.31012942994293,100.4058842650492,4.247647014233276,0.19918710943450713,1.272223211921398
Cam_0588.jpg,89.49057984956985,-58.81141742372709,100.97245374897763,0.29406195406876345,-3.698667578684657,0.07970738065599925
Cam_0589.jpg,90.83739778054773,-46.515911418034975,100.2918673166911,2.8606963778255365,-2.1733463902408614,1.0565618577313272
Cam_0590.jpg,90.84898091158196,-32.41485249451802,100.05534212099188,1.700718618271016,4.071947235527206,2.58472354585987
Cam_0591.jpg,89.90372497120877,-20.5932049525254,100.34652683644704,1.9940137654941803,-2.327277981129371,3.533596866915976
Cam_0592.jpg,89.95411787250383,-6.532103447154591,99.5373699396744,-2.7791404472660672,2.7450819240413784,1.160741206287175
Cam_0593.jpg,90.93859502531227,5.505861159497823,100.24116348884165,-3.726006994064001,-3.1143966708812654,3.608009887775823
Cam_0594.jpg,89.12089539618049,19.449957761924267,99.44933951556995,4.151222628655299,3.0852921192746563,4.730529841653711
Cam_0595.jpg,90.3889489649941,32.5386092476435,100.56468325228099,2.1596676762790485,-0.8548885875475307,-3.1154693343563626
Cam_0596.jpg,89.99670322270117,44.300128677097696,100.86261667804409,4.54311549384937,-3.599279074585959,2.5711098166811293
Cam_0597.jpg,90.11583311359345,57.46536624693557,100.13452049010694,-1.8366717112320217,0.32017314639949435,1.9708943324886667
Cam_0598.jpg,90.77123225505791,70.22985132207812,99.86917435339748,3.30832977831723,3.382921521947511,-0.8193966833352142
Cam_0599.jpg,89.189645718409,83.89420750353018,99.0449984127069,-3.52700688107704,4.233999149724196,4.921838755256113
Cam_0600.jpg,89.25639550649439,97.85868635078293,100.58718617623353,-3.0893557450146227,3.089830357842473,-4.297535386446424
Cam_0601.jpg,90.85660139275238,109.02829679686228,100.50746989830411,2.248658889184242,-1.7687006578597515,1.4282970764209177
Cam_0602.jpg,89.1809548936409,122.73658947008525,100.58694386670953,2.572393524479799,-3.081958674053936,-1.5252304821709641
Cam_0603.jpg,89.5654510189388,135.7004853333876,99.41474649813213,0.7032410673991383,1.0490703342962449,0.4637357425073044
Cam_0604.jpg,89.29814501902825,149.4835129227286,99.47146819046554,2.046318022568848,-0.34782534457853886,1.8189300084752023
Cam_0605.jpg,89.84089080135702,162.73019827341432,99.68297681523077,1.1499258057243225,-2.247616419252498,-3.451735546603193
Cam_0606.jpg,90.97682146011425,175.61393897665698,100.63692749589204,-4.643570526770474,0.9429315715045498,3.489694033005126
Cam_0607.jpg,89.78132778623751,187.10153397508194,100.07629031291093,3.530373649825597,2.2770456001262795,4.258264391219512
Cam_0608.jpg,90.05558261984642,201.23313454152947,99.82788924142403,2.6006988304275813,1.5380042621565009,-1.3170231802132044
Cam_0609.jpg,90.95530790655319,214.32804329601385,100.09280695339467,2.147089659354878,4.050807279762272,-0.2600884418317523
Cam_0610.jpg,90.0303616379805,226.7654162543114,100.4770259720628,-2.4664477751005416,3.9103382635365618,-2.167111392965346
Cam_0611.jpg,89.92597807772238,240.4439802281826,100.69000517830315,-4.856099068705041,2.532902768562967,-1.336837684145888
Cam_0612.jpg,90.95959834549838,252.61480032896165,99.90786983066104,-2.0699177730511593,-2.517463471779372,-2.7518958194094605
Cam_0613.jpg,90.7557842132055,266.6948484077731,100.74473886421166,4.621826959879691,-0.4159852047083087,-3.042352273985015
Cam_0614.jpg,90.04656904294839,278.18461840595995,99.38425831363797,-4.317259676959175,-4.400396676515613,-2.7847142595120156
Cam_0615.jpg,90.21318511735562,292.79045330295264,99.3072438001873,4.55388254194933,1.0662744046741888,4.6062197409876315
Cam_0616.jpg,89.20345486696174,304.42956096489854,99.53986944815833,2.3145714326799656,-1.5645213895741197,-1.5298184215625756
Cam_0617.jpg,90.32507733430762,318.01199166366223,100.65412280096746,3.151117092589433,4.623950594687212,-1.6496782102111731
Cam_0618.jpg,89.22056548861686,330.51311120115423,99.8861133692758,-0.7344040187949149,-3.1513901739560115,-4.169193651266329
Cam_0619.jpg,89.66697297600051,343.44849829994916,99.11294426550326,-2.1571481337444722,0.8502765351024415,-0.6930917029459939
Cam_0620.jpg,90.31434821674081,356.19453001023936,100.78949880257451,-4.148009890787717,4.536538113789723,1.54664029171025
Cam_0621.jpg,90.50755205270397,369.78617725062827,100.78867476376254,-2.5819371440755043,-0.4561296897859788,-4.8541698540599265
Cam_0622.jpg,90.5372000689061,382.26911460934406,99.80662633673748,2.661077646409339,0.9338297324557611,-3.9257535304178486
Cam_0623.jpg,89.00670183754656,396.80685918666,99.88956225131132,-4.274778752293674,2.834342821119887,1.1092539372263162
Cam_0624.jpg,90.48900189067628,408.3119037048557,99.70755475860669,-0.5792323882342292,0.2307792135145783,-0.9933204366482024
Cam_0625.jpg,89.43683792114665,421.495119500072,99.81695829785026,3.656888100741524,1.7927509355211821,4.612585983155325
Cam_0626.jpg,89.43426049651879,434.09374272902465,100.00262843058121,-4.32014245827661,-2.3285689126224582,-1.8586112500497063
Cam_0627.jpg,90.51155568367227,447.45535037946763,99.57139773599405,-2.878204301739519,4.804653637938827,3.973956169463472
Cam_0628.jpg,90.67868677578055,461.1401544589631,100.07005871727056,-3.408295256281186,-2.978880363534926,-4.324028707070966
Cam_0629.jpg,90.35934866857764,473.45982584378135,99.70655996387158,-3.2017641287891454,2.1476120494317903,-2.1683544658775955
Cam_0630.jpg,90.55174573676275,487.13399000564675,99.8219768897684,-3.2369990512507294,-0.8210511008953196,4.3139082254558225
Cam_0631.jpg,89.79570936137335,500.1539629301713,99.25910766413762,-1.4919986803898144,2.214573432965847,-2.5306258013931484
Cam_0632.jpg,89.65072750620459,513.6289902106605,99.28976670732271,4.0416377036986,-3.6350447272659583,2.631876372086517
Cam_0633.jpg,89.24530234202261,525.6932843743471,99.78559683308896,2.718161025691654,2.4707947456620425,-1.1139306818418173
Cam_0634.jpg,90.61178019960089,539.4992744309291,99.09524803852898,-3.803718065992757,4.221827957708691,4.941531298968415
Cam_0635.jpg,90.78747350738051,551.9992032410285,99.10314204971009,-1.9863765035451855,3.3710557547332787,1.7435562261268862
Cam_0636.jpg,90.39356557512063,564.4899557482686,99.86882790662331,-0.7273392605935669,0.35856618848229405,-1.1036466089817343
Cam_0637.jpg,89.12734939199625,578.6953650497312,100.13384450938078,0.37912338572418136,-2.5568627216049005,1.0270570243298625
Cam_0638.jpg,90.37288379366477,590.2221867150012,100.6994125263239,0.7037899404947082,-0.1833562311829272,-4.619001876022443
Cam_0639.jpg,120.51953167622962,591.4667856735042,100.05061503843685,4.421827740223225,4.625147874966834,184.64205675582653
Cam_0640.jpg,119.77957455502707,578.3508115940904,100.70335934074755,-4.436602415558717,-1.977364370380593,180.40541192115722
Cam_0641.jpg,119.4582548555268,564.509557132012,100.02564502653196,-1.059165788408416,3.7291728224120964,182.68003685706813
Cam_0642.jpg,120.49603811678318,551.9640882010959,99.82701709856241,-4.525839447221297,-3.7020161899465194,182.68845363458607
Cam_0643.jpg,120.52692084856459,538.7592308152798,100.56739112629411,-0.16766712451822374,0.8842071799794093,181.91106904286585
Cam_0644.jpg,120.7161400529112,525.9163408592253,99.40206778678146,2.0779887121077047,-0.3624501348192277,176.87991414165208
Cam_0645.jpg,119.40949717779328,512.8268153315273,100.73901485061842,0.47073068929868,-1.2018535336852971,179.0796793552644
Cam_0646.jpg,119.78810350249135,499.51674617708045,99.92472175334913,4.340825197805512,4.769612360558981,176.4347332706122
Cam_0647.jpg,120.6512259475285,487.1158047083654,99.15467990988306,1.2820658183306843,-0.19772710089528112,184.10877941224828
Cam_0648.jpg,119.9040306961877,473.3815610413045,99.71231790302987,-0.9650631693695522,-2.798042501375248,181.22798905929992
Cam_0649.jpg,120.47198783311507,461.94660896700935,99.43279151157759,4.373442518650829,0.6110623728957304,181.72015178435714
Cam_0650.jpg,120.30415923123442,447.67012860656354,100.10423946035448,3.187446010742332,-2.2258961266942054,180.66833813695104
Cam_0651.jpg,119.40228059394441,434.56424096482715,100.69541756256834,-2.3993375872535028,-0.943507099729986,177.3390066014039
Cam_0652.jpg,119.04655837025072,422.836000180995,100.00357638011151,-4.159324308882671,2.525177284072471,183.05498480204866
Cam_0653.jpg,120.98830733166926,409.4960985136536,99.45644647211509,2.5654179825065384,2.4285095760059483,175.8820964827423
Cam_0654.jpg,119.00324304694965,395.1457888147176,99.13356281283644,-0.5513144070913402,1.7410790501597349,181.32764075183547
Cam_0655.jpg,119.20576259134161,383.35687249498113,99.45759439133869,2.44811939224899,0.4295334654007916,175.64664023799955
Cam_0656.jpg,119.19742994764238,370.43599971365524,99.22254815350684,-2.319794398516657,-0.41291365368900845,182.20015937603827
Cam_0657.jpg,119.757638807922,357.81920228960576,100.37136578740478,-3.955563444921417,3.3608791436131003,176.08259380183836
Cam_0658.jpg,119.97009969431764,344.6112113508231,100.06616752843216,4.256151335790412,0.7851515625476205,179.63090112292042
Cam_0659.jpg,119.92897278700246,330.0730135796876,100.96111937846439,-4.501856809702129,4.203381666106162,184.17915167692198
Cam_0660.jpg,119.57813381702591,317.01363452398493,100.92680469865357,0.6269898038091419,4.863392546513248,179.967194322054
Cam_0661.jpg,120.90680467991238,304.9054674036534,99.14893910138363,3.058216865896051,2.3263170631770826,176.59282213873968
Cam_0662.jpg,120.03825030774149,291.41538245091834,99.5099891280909,1.2862616219374337,-1.0671493852570006,178.31898304767566
Cam_0663.jpg,120.34394746878161,279.92315691522765,100.5698539428931,4.344692430147436,-0.951063316805967,182.25703062884776
Cam_0664.jpg,120.26338658018682,265.6211517316367,100.61002806089641,3.751877481594386,-2.789136862368676,183.89926256639356
Cam_0665.jpg,119.42735789108046,253.68942544674957,100.64829919411712,-3.8359785800429647,-3.838369452920426,182.76591833390611
Cam_0666.jpg,119.73947086967463,240.21740961948777,100.81823092559644,2.5638742479161527,-0.7049836425848897,176.8864401123731
Cam_0667.jpg,119.95485223702258,226.73356397116137,100.19570111677757,-0.38627473582553684,4.341472797050282,177.37040346690122
Cam_0668.jpg,120.65811261514793,214.01268756081274,99.93172162055708,0.45899524484427967,-4.9703950668427215,184.65235131046717
Cam_0669.jpg,119.48724986432823,201.2082333247524,100.22695885095224,0.025126045677629216,-4.142352952686076,175.99695085914146
Cam_0670.jpg,119.71974085562013,187.01058718562336,99.91491818308353,-0.20437188783355587,3.030297808783047,179.89568086477453
Cam_0671.jpg,120.29464809449749,175.53294904215687,99.75153778348377,2.0768938760651716,-4.8841523876532165,180.42519307895668
Cam_0672.jpg,120.40941130023829,161.75876779180973,100.00004194922641,-3.6819484136488,3.8674534823660474,176.33190008281642
Cam_0673.jpg,120.17094897281692,149.9151249506063,99.4325426543951,1.0644602214669634,3.410504514275569,183.86516887131714
Cam_0674.jpg,119.0238718481778,135.8080640094479,99.94589204436343,-1.8289578487463916,1.594513947247279,183.89247959429005
Cam_0675.jpg,120.2761873559679,122.32957247494531,99.97536957497287,3.749666618866565,-4.645529453393785,180.973048158426
Cam_0676.jpg,119.06358983833981,109.2781956956328,100.37879879217898,-0.756837060202312,-4.999350299905238,176.63599818721326
Cam_0677.jpg,119.60814294225534,97.85069858614179,100.56587093695093,-3.514406137538747,3.157734783354335,180.15159013555652
Cam_0678.jpg,119.85773475254888,83.67953080598227,100.91809297408352,-2.4368164524541696,-0.789150154869576,182.04175416993004
Cam_0679.jpg,119.37886837481304,70.0862009323276,99.8530593835889,0.43285609872657316,3.542367601104799,177.03679141550094
Cam_0680.jpg,120.36130272014114,58.05443228918316,100.00815661684835,-1.5541624496523454,2.2262735934924702,178.16967480914397
Cam_0681.jpg,120.58581282256519,44.730103582800496,100.61697434437399,0.7546730857251465,3.5530195108799854,182.18160175767534
Cam_0682.jpg,119.2937482971385,32.49769867252137,99.66852209252089,4.965615164291273,2.6048544643518685,184.85556163508807
Cam_0683.jpg,120.10757951504202,18.955520509745078,100.75844073950638,1.4516159908823671,-0.8597952700337214,177.19813616378906
Cam_0684.jpg,119.31505634483598,5.152255143104918,99.55377863102875,3.67374971973827,3.624037975935336,177.735693722969
Cam_0685.jpg,119.3685743429374,-6.992332753987215,99.75743929088897,-1.411734343594648,-3.62893642167748,179.05127712538973
Cam_0686.jpg,119.51513874479303,-19.653945648973924,100.88483886730991,-2.7519868872961295,3.279353385532609,182.79781903893115
Cam_0687.jpg,120.89410019173562,-33.260578687323815,100.13359978701993,3.938484797681856,-3.6277152040890166,182.02983713643084
Cam_0688.jpg,119.50544891020307,-46.71780442587351,100.98522076616561,1.8814825503289345,-1.7701846104613699,179.31051588514327
Cam_0689.jpg,120.56360807581684,-59.97529965565832,99.98760869894353,-1.6002426132830754,-0.6096915585903573,177.96716309322798
Cam_0690.jpg,120.0861785694531,-71.1213079582921,100.71097953507022,4.855838674879781,-0.041828343457507855,178.28811958977622
Cam_0691.jpg,120.45970813084676,-84.48693354769935,100.88064531450789,-1.7216294050052892,1.8566636234109266,178.0941208622739
Cam_0692.jpg,119.35958003841913,-98.16699875125936,100.78735116632134,2.1293379629999465,0.8339772260591218,179.79901485936347
Cam_0693.jpg,119.1284574653014,-110.81288734695396,99.81827007969066,4.970355874251262,-2.6774175039749197,177.88740833799216
Cam_0694.jpg,120.26558450405113,-124.17471082673146,100.2335624284838,1.5237930406888425,-2.383959190064144,181.16459599088824
Cam_0695.jpg,119.43096168533636,-137.95520357864612,99.53309998754551,0.27940539120334595,-0.409495574300311,182.23502412075658
Cam_0696.jpg,119.21929562850188,-149.9275707149595,99.04237179539798,2.8960527233512554,2.139765955118233,183.70571848099772
Cam_0697.jpg,150.2844613453488,-149.43913177921434,100.47693705192997,-2.7138776968098766,2.7925281805491826,-2.74042202882137
Cam_0698.jpg,149.2882171402585,-137.44577786432674,100.96667554256197,4.7869798467582765,2.243838637215633,-0.5449500874745663
Cam_0699.jpg,149.74679391882304,-124.39445423686202,100.11762884516426,-3.7558185253301817,-0.9847956944392812,-3.1405451982805572
Cam_0700.jpg,149.36228398744936,-110.70030391485861,99.07118743566879,-4.612013008019748,-4.390912177032847,-1.0165654632245844
Cam_0701.jpg,150.544148838288,-97.7909008278448,99.76135114362441,2.9093869883261,3.2674684746145535,0.3665445500504567
Cam_0702.jpg,149.61163461410172,-84.46382999202972,99.2980476376317,-3.397706762240032,-1.1132152310368446,-2.747585756967565
Cam_0703.jpg,150.6423580651653,-72.85783097892279,100.73158914070237,-2.6227726882787246,3.877731375729099,-4.986928097448569
Cam_0704.jpg,149.96828730052673,-58.05185265369869,99.12390060619606,-1.7167723213388109,-4.658705362464004,-4.018605617824133
Cam_0705.jpg,149.8065580473155,-46.77123048105306,100.4973469271076,0.07477174949508181,-4.153689651681897,-3.7700249349537622
Cam_0706.jpg,150.189125269721,-32.45789609185452,100.32670642625779,3.1597144082768716,4.452520468767599,-3.2439086163670194
Cam_0707.jpg,150.57224062679978,-19.651438042802816,99.25742918363709,4.432370720230632,-1.3256408074178032,-2.160088443167827
Cam_0708.jpg,149.95345999209206,-7.832121283658687,99.65255949835709,0.03713421573013431,-1.7959441548277075,-2.7602164418478456
Cam_0709.jpg,150.4326712664408,6.264358295308073,99.69206234861663,0.7063843390628579,-4.882430929483907,1.213706721900628
Cam_0710.jpg,150.00619420327212,19.562674601063716,100.69448824067271,-2.9236174128971655,0.7071083970610503,-1.393871628529253
Cam_0711.jpg,149.14434966509944,32.84482141911141,99.78125379745578,-2.204866339441549,3.970742121470421,2.502124211292516
Cam_0712.jpg,150.0623712862021,45.907132712566415,100.14725145091943,-4.030578569957938,4.294529102520692,-2.823777448628949
Cam_0713.jpg,149.05256746622203,58.31631715210981,100.71414518402102,2.0555309761889693,4.918405142793583,3.205215190134443
Cam_0714.jpg,150.3421379907794,70.02064600134203,99.79227863159608,0.05453309241474369,1.1371969041687189,0.9324381080721167
Cam_0715.jpg,150.5028227999521,84.8546141442292,100.50997034718858,-3.2028084789511277,-0.9576913137651284,2.737920143902305
Cam_0716.jpg,150.53105650620458,97.13507378028423,99.1453527361115,-2.7373167997577195,3.3924408346028065,4.414462780659152
Cam_0717.jpg,150.75313192151538,110.60814790839005,100.11215332061572,3.943315852038793,1.0559814457174288,-0.14257752885236907
Cam_0718.jpg,150.04254153337644,122.79374903794691,100.83292456723655,4.9350705707349904,-4.417562903512325,0.4324602484554232
Cam_0719.jpg,149.64097460882638,135.4020788768739,100.68841880140107,-2.3037840537100953,-0.9383014810164536,-3.686686545094436
Cam_0720.jpg,150.92356177916693,149.17377870568484,100.55196102618152,4.013097191802671,-0.021474865793156606,3.348683437203192
Cam_0721.jpg,150.037718259743,161.85499684711243,100.16185951735456,1.882966058881086,1.8531436830447459,0.8219511153754134
Cam_0722.jpg,150.64748939903086,174.707787815216,100.64254917860512,0.24590322003076615,4.394218408766036,-1.5528435797318465
Cam_0723.jpg,150.75926301860324,188.0014396504224,100.27219732716978,-3.1951983408293834,-4.9078414528971015,-2.7032572315752286
Cam_0724.jpg,150.2236326111347,201.93683448104795,99.88976389675564,4.444798292894167,-2.597223208536551,-2.7262030823372445
Cam_0725.jpg,149.1696750793195,214.26695480273804,99.07988014308474,-4.9056643565758185,2.3504900742481234,-2.6980611380177932
Cam_0726.jpg,149.68007003365332,227.82060608971886,99.48102667412573,2.065413259410858,-4.978936654324949,1.5965505140185208
Cam_0727.jpg,150.6348304496317,240.173312401815,99.10470506397809,-4.580738533312507,2.61038637701906,0.0922927351970505
Cam_0728.jpg,150.53733661074037,253.13837812633446,100.0002763672942,2.5583628585781355,1.9255546997289352,-4.6545506007850665
Cam_0729.jpg,150.99403019952348,266.37545276299284,99.49091133594176,-2.352811542715638,2.5089537222670075,1.4227447362084717
Cam_0730.jpg,149.21344109228036,279.333825523527,100.38297097500084,3.849800524416469,3.3606364604631684,2.405705744990194
Cam_0731.jpg,149.29212005451888,292.93445506926764,100.61963141661431,-0.9732370378951721,0.09452102548503882,1.054818079286587
Cam_0732.jpg,150.83004608296622,305.1027464011576,99.35688108773525,-3.8785940596884085,4.357282868647301,-0.02499900039467251
Cam_0733.jpg,150.0097814611036,317.94711961133703,99.12209728171037,2.3670199640707072,1.8571381254838586,-0.7767841526965056
Cam_0734.jpg,150.35987780342572,331.75020241441183,99.15022533332012,0.09392441080707026,-3.4409369477822813,-2.4905634972677353
Cam_0735.jpg,150.1922034157291,343.425683306685,100.83343313760983,-3.151810280995471,-1.5940157918017985,-0.7020586352610069
Cam_0736.jpg,149.74269147000328,356.15477489430356,100.28889176552556,-0.1860450630225181,0.9095598521446673,-3.3174084256706364
Cam_0737.jpg,149.22798051440094,370.70902427416604,100.70693567355842,2.064964231525182,0.812747029461004,2.1401624876422
Cam_0738.jpg,149.69817591198444,383.0587209004714,99.00867176983127,-3.6126558243460334,-0.526836780670442,-3.8380194108924734
Cam_0739.jpg,149.1690426491187,395.15608311931874,99.10875036959295,2.5465135119843665,-1.6203124077357747,1.3633249943435928
Cam_0740.jpg,150.72050501167863,409.85290158130016,100.01785331403576,-1.531407949179139,2.720270564795038,1.108468666270031
Cam_0741.jpg,149.65296210088258,421.83628980790235,100.00547358218603,0.942766238114564,1.3820571626737055,-3.3912682496522386
Cam_0742.jpg,150.15806230807092,435.00566553849325,99.03572776004071,2.681747288005691,-0.3701358399309921,4.8775386144523285
Cam_0743.jpg,149.62789951114095,448.2039106703255,99.97258370603214,2.0673083310496425,-2.389444539775521,0.992780168232876
Cam_0744.jpg,150.56617278133572,461.79744611491265,99.71591333090376,-1.8385136011507686,-0.37866232315980497,1.3531020701749803
Cam_0745.jpg,150.68909218835373,474.55963538344173,99.56784128552346,4.413935238586287,0.33163468041183886,-3.249400487780489
Cam_0746.jpg,149.0614105360741,487.47309378401843,100.59696125318295,-4.444586408232425,-1.6416961129197554,-3.400276784846328
Cam_0747.jpg,149.2627491931917,500.467116006799,99.42172659370195,4.485809460879148,0.5693058774670258,1.093463358411976
Cam_0748.jpg,149.1015221971758,513.1974924129948,100.84778695618282,-4.085247016564619,-3.1719309924437726,1.707262789089738
Cam_0749.jpg,150.7054318197838,526.6997919254491,99.96321201545484,2.1792068613886166,4.189355619323223,-1.9685279458314853
Cam_0750.jpg,150.30217479595862,539.9744612008991,99.24566381762581,-0.9603024880032923,1.3426225222244201,3.106700880896707
Cam_0751.jpg,149.77436423063733,552.169017230699,99.9275791536084,-4.1773740381726405,1.549141064407495,1.0575438732157814
Cam_0752.jpg,149.11062882266916,564.3145083241228,100.15923557204121,-3.3841393863685276,-4.981081197576169,1.6517470685347115
Cam_0753.jpg,149.244105372829,578.0489027171266,100.06140280233848,4.020103724275048,-3.793919985562969,-1.7354873905847192
Cam_0754.jpg,150.73197051292541,590.7346973782164,100.43384399454115,1.759794796687359,-3.3744432916860485,-2.5353550444675093
Cam_0755.jpg,180.4646263271237,591.1445891433603,100.94051851235388,4.784665082320061,-2.693672785279243,176.4841487990423
Cam_0756.jpg,179.50698480013855,577.4215332420704,99.64534684788654,2.9863774342795537,-2.5461821601374863,182.94633555588055
Cam_0757.jpg,180.74395739429323,564.1920304340501,99.54478570136432,-1.297470467773639,-1.0221853002851091,180.29975531150257
Cam_0758.jpg,179.45384689246174,551.8973036660393,100.99512520205214,-2.5711477305744777,-2.3084460385437726,176.0054610708033
Cam_0759.jpg,180.50840149380608,539.641815748269,99.28602698618063,3.049809022909858,2.5545391292397963,183.72904302686814
Cam_0760.jpg,180.9285479574447,526.4337261932773,100.70070924800287,2.872544936443176,2.2787560811573244,177.12739092185004
Cam_0761.jpg,179.50443026491456,513.392362320138,100.08033917452535,-4.544320446983967,4.9984856425525175,184.07002856019923
Cam_0762.jpg,180.6395321712351,499.4075071426796,100.11849190017564,2.5392667460217497,0.8886280306618973,179.66442164568022
Cam_0763.jpg,180.74602553768813,486.03929320351335,99.21054669293154,0.9439211661354264,4.258775209532435,184.07466046036023
Cam_0764.jpg,179.6595163572869,474.5850712349047,99.69266278983376,-3.8065191470761865,4.296042477349722,184.43924936357098
Cam_0765.jpg,180.2941316836015,460.2680407672209,99.34636171401004,4.472169978279759,-4.624721261746446,178.70900686870135
Cam_0766.jpg,180.20067367468837,447.42847295644873,99.20876521850931,4.742687364101886,0.3329916029339325,180.63707468463556
Cam_0767.jpg,180.80740877516214,435.69236844413956,99.90417216075463,-4.377914927017308,-4.944909126924799,179.3446557080733
Cam_0768.jpg,180.59918362039028,421.2517666028884,99.3428030948145,4.756188196815416,-0.9304042238873356,178.72497367978093
Cam_0769.jpg,179.49817286197202,408.22655101822517,99.37158330057675,1.910224659952192,3.341371235039207,183.84003084068806
Cam_0770.jpg,179.6680217556042,395.9155993143343,99.28338073290855,3.0251355458560742,-2.9028606008774647,179.13716938618543
Cam_0771.jpg,180.0435195995799,382.77343661204964,99.38375699522028,-1.2226340476877984,-4.50606735398001,176.05008850509415
Cam_0772.jpg,179.7715769931514,370.61158905216865,99.12911555090437,2.6527599445249344,-1.1115303809112853,176.3829840541536
Cam_0773.jpg,179.13425069540918,356.5432623670058,100.58166757795664,-3.8575079580775262,2.2773280580168036,175.3073535331318
Cam_0774.jpg,180.54161107837524,343.10893053788027,99.4348918695933,-1.0722380979563715,0.18984562167682517,181.41023148838548
Cam_0775.jpg,179.40443248493463,330.20759446077193,99.63962598718416,-3.7674421348476077,2.8521178171202703,181.1923235131227
Cam_0776.jpg,180.07901766642038,318.8900769048434,100.76252232820696,0.5133593671385336,-4.125140874881758,181.12853026241206
Cam_0777.jpg,180.22963886169575,305.48060258573645,100.79340408989181,0.9498067315730888,-3.857088110651109,180.26726551349952
Cam_0778.jpg,180.2176761735009,291.7206068806437,100.18923620240595,-4.718519808648282,2.9608492543064666,183.6308359783965
Cam_0779.jpg,179.01500398354258,279.1506180725652,100.96632061314402,-0.3193371051735261,0.9655847595382849,182.66382219394964
Cam_0780.jpg,180.08450331292542,266.009979838612,100.37665290163118,-4.86675034178289,-3.35739817259477,176.6909384726169
Cam_0781.jpg,180.70105442688381,253.59348538506407,100.2289536909104,3.41811621010842,3.84977110609271,182.88025621926582
Cam_0782.jpg,180.25727961149124,240.31892137214558,100.79245973844986,-0.5563189079185913,4.655888775898817,176.62224001046516
Cam_0783.jpg,179.52070287983338,226.9239460778471,100.00843198511849,-0.09811398111367242,1.2631086602120938,177.34352732647574
Cam_0784.jpg,180.26975826257086,213.2794498038236,100.49547487273068,2.6608254566607252,-2.8630712055931573,178.31733721954404
Cam_0785.jpg,179.68552618564217,201.87895436385548,100.13900169246051,-3.9429744711991903,-4.965126062354352,177.05252289779932
Cam_0786.jpg,179.7874283537228,188.10597399499864,99.35615878043377,0.9125296782514237,2.380810473353591,181.72713917933487
Cam_0787.jpg,180.87585574396942,174.9040047239211,99.2996881575161,1.2449290707495824,0.5465117165088965,181.13296689201613
Cam_0788.jpg,180.4392143138627,161.75011234149815,99.34374165871982,-4.582752817618633,4.090766362878147,180.1922490577283
Cam_0789.jpg,179.14046674848115,149.3662587614763,100.22324458730107,1.7710778671819951,2.515274756459784,182.47114857670246
Cam_0790.jpg,180.61542369353228,135.10597257238385,99.34549808278905,3.6808360840326246,2.276625227925901,179.19674031295412
Cam_0791.jpg,180.05260062092395,122.57202962455527,100.02030775007006,-0.05423790958110075,-1.284744416085889,179.1223633268064
Cam_0792.jpg,179.34418811502354,110.26534402179995,99.70221233244195,-2.061560377254507,-1.0707284087163274,181.92263563689667
Cam_0793.jpg,180.20496634346503,96.00566583289647,99.00765368878271,-2.250938086795587,-2.2703569754161688,180.53869540239393
Cam_0794.jpg,180.90792641647099,83.24267779247218,99.98332179029762,2.698124267227287,0.30261508483543054,178.11935621636727
Cam_0795.jpg,179.24404717332578,71.94681278703514,99.96248619272845,3.905172536128318,1.0558105937369024,175.2580560688403
Cam_0796.jpg,179.96114978089906,57.05725056955851,100.336245431446,0.38477340636225443,0.8055431141940459,175.67845100688533
Cam_0797.jpg,180.93050536025285,45.90179557262268,99.5463350058795,-1.1944708604037477,3.1240895524848007,184.19492792672008
Cam_0798.jpg,180.13333109189495,32.22614767859077,99.02686456525045,1.1532146746562015,-1.5598154979092944,176.90351624803336
Cam_0799.jpg,179.09637930223556,18.830355109208572,99.4703895272142,-0.6292474406877281,2.1434883616029836,183.4849404999518
Cam_0800.jpg,180.66846546322256,6.604894378591822,100.81647946441286,0.4976615075559344,-3.1767909572722743,180.1115413740016
Cam_0801.jpg,179.3661166412047,-7.937897836958988,99.94374261813978,-1.7493058233072782,2.5197028872255864,183.51826462084557
Cam_0802.jpg,179.52346392485603,-19.092594332098294,100.61215917593104,3.7016101073498584,-1.7146823386531609,177.29088016591692
Cam_0803.jpg,180.1843205457377,-32.302598422962866,100.45267761418317,-2.7662430776181415,-4.521908781495776,178.38381626910032
Cam_0804.jpg,180.9165499454973,-45.684515076765756,100.71689184958765,-2.5220151484010698,1.3599190347912298,179.7906035544394
Cam_0805.jpg,180.7218474020707,-58.65592918412741,99.95699042912162,-1.028983618043787,-1.1150723739623514,180.68619753667465
Cam_0806.jpg,180.4250034222796,-71.13686387006737,99.65862085047588,1.8277279172858463,-3.4783944963396394,181.22990338332937
Cam_0807.jpg,180.28123763272683,-85.00061158121079,99.94780382796634,3.5390712392830412,0.40454706657864725,175.86330680539115
Cam_0808.jpg,180.93161924331582,-97.20758439843492,99.60877611338712,4.609633076227607,-4.631438574647584,179.59988682816854
Cam_0809.jpg,180.84014764264535,-110.47240025846027,100.99363518918607,-3.380851460351871,4.297936670592253,179.65808960535603
Cam_0810.jpg,180.4465076189219,-123.68756699332444,100.98694520686456,4.1813991446587995,2.0807129602036856,175.83997524009197
Cam_0811.jpg,180.76339218210725,-137.15408531139,100.82043144037506,4.621275577374728,-0.422549324196129,176.3005232835723
Cam_0812.jpg,179.6859105111804,-150.9079524229208,100.36697911536365,0.3106760187273069,-4.278743770347081,176.35172258763683
Cam_0813.jpg,210.8500004326337,-150.12585453007546,100.68255078250681,1.8852906901861126,1.5898146491965073,-4.465287260789303
Cam_0814.jpg,209.4745402533197,-136.3396173643014,100.65332793961964,2.462973810641131,-3.372428312106037,4.361531559405909
Cam_0815.jpg,209.93980888209634,-124.82062816686683,99.91676665406858,-1.7678510598738617,0.8193496362639109,4.58390350020889
Cam_0816.jpg,210.68870441216137,-111.62894740779588,100.89579839054399,-3.036510976936678,-1.6351489854561438,-3.1971399051045015
Cam_0817.jpg,209.69725402252695,-97.28099480266206,99.29660015283925,3.055668801339132,-2.95568638346103,-4.186066602899182
Cam_0818.jpg,210.3292359890515,-85.4947083416315,100.51488095156917,-4.197948123522549,2.1044647336095337,0.9633667525092967
Cam_0819.jpg,209.09537754706326,-72.1896195708587,100.73032193581038,3.186786343043164,4.858853853828089,-2.286692177512198
Cam_0820.jpg,210.08841675153295,-59.00524835281139,100.69387005731367,-0.7019791387257066,-2.378053837918693,3.048526720328988
Cam_0821.jpg,210.48486588907662,-45.28797011260226,100.73071804093092,-4.648964872214737,-2.6045325839681994,2.1889725889537925
Cam_0822.jpg,209.61912713309763,-33.063720989313516,100.22185693907147,-0.24870416009360763,0.445309254536844,-0.6482097996245002
Cam_0823.jpg,210.82451726841384,-19.36791917308805,99.55234779463878,1.245283393475476,1.9892462337845211,4.1817647431428115
Cam_0824.jpg,209.08444635368014,-7.638820730837783,99.05651802241474,1.377781891965657,4.059967450645008,2.1892126147751725
Cam_0825.jpg,209.17173776321908,6.239656471095447,100.7602232432232,2.8037506585362357,0.5387118188548908,2.429631826822621
Cam_0826.jpg,209.80592065082217,19.97780006081524,100.61883085309015,-1.976600102254357,2.9558014270987414,-2.4662134470054164
Cam_0827.jpg,209.9039066926155,31.950979181256795,100.86067451336923,3.5434564136999818,-3.643731638538472,-3.059512065854254
Cam_0828.jpg,209.02629401762363,44.91990849608921,100.64750869941533,-1.1440874110136623,-0.2825867969650767,1.104549639470351
Cam_0829.jpg,210.77628618242423,57.439094622744214,99.80802209944606,-3.183888186354338,-4.052382840214871,-0.36371591713037876
Cam_0830.jpg,209.99978849798714,71.45568361077774,99.44320590884186,-4.310033978441807,-0.22474324407162982,0.7578239960753932
Cam_0831.jpg,209.62751690956594,84.84047222004389,100.11603700130739,-1.3565893565211284,-0.5577756645013009,-3.1097107037134326
Cam_0832.jpg,209.22975128029503,96.62573397114082,100.42600137362639,-4.825535141748591,3.5564560499638174,4.009198655729369
Cam_0833.jpg,209.2012658168971,110.38594910435835,99.73502840984114,4.887158761083868,-4.402682330686605,1.7197745077935704
Cam_0834.jpg,210.5902576252435,123.77942208024929,100.66929436405006,-0.3008371425990689,-0.428259994136197,-4.70630791409189
Cam_0835.jpg,210.7423043835478,135.50702552491876,100.15827202168899,-2.79462578064544,3.4295441521165912,-1.7649221102483188
Cam_0836.jpg,210.21282287227993,149.67106476515187,99.22008100458122,-0.7253722297563865,0.16886705135236413,-1.2807519850814932
Cam_0837.jpg,210.84407398842586,161.02825493415904,99.2498649112049,3.9342650909802357,1.9569620622742423,-2.532722688818994
Cam_0838.jpg,210.83712432100876,175.29116943736204,100.23777322729998,3.2316245366485545,1.1845781369371238,1.3394303950242097
Cam_0839.jpg,210.42709275223982,187.6191299545909,99.56085412642761,0.018016517468775195,2.37233200691344,0.7230494611369384
Cam_0840.jpg,210.5192754731071,200.93408822433244,99.85904701845057,-0.656707458642999,-4.829489043707776,3.9496945582010787
Cam_0841.jpg,209.98654480019513,213.6681739650002,99.28545317044737,2.9578011829714796,1.0449711003008342,4.056412356108151
Cam_0842.jpg,210.97776104476614,226.4290103502056,100.15319598453546,-2.7389457451667196,-0.03720502478730481,1.4381432631883202
Cam_0843.jpg,210.3352611767228,239.41034009430302,100.07277302821706,-2.0091510170329387,-0.49301482344049186,3.266730433734617
Cam_0844.jpg,210.52866907401676,252.95888266348916,99.28797393832697,-3.8332333567733383,3.5671497161354484,0.6011962539076774
Cam_0845.jpg,210.45737689384575,266.177230954683,99.46664666351023,4.888376428742532,-1.8653849565174871,-0.034984268811782404
Cam_0846.jpg,210.2810733516751,279.2189128170337,100.12161871116803,0.4424966531630823,-3.431210252187756,4.078843066187616
Cam_0847.jpg,209.4955087580472,292.83240774607634,100.77226549637354,-2.1431414238389284,3.3414684209323675,-2.0858782525499304
Cam_0848.jpg,209.72418433872,304.07155548340876,99.1778021734455,-0.8124685386636102,3.5606463258857617,-4.473734039228223
Cam_0849.jpg,210.4611046137849,318.2651341654111,99.01272637865519,-2.768296863178687,-2.003202642866568,2.7819917135679515
Cam_0850.jpg,210.82204833632503,331.8068629780965,100.68931159397394,-0.02142161866888348,4.085656814733074,-1.7459180432817505
Cam_0851.jpg,210.96009523432963,344.56450968884945,100.81880078292971,-3.905058244588867,-4.438658156898411,-1.0508554250659163
Cam_0852.jpg,210.27305598839666,356.53436327012685,99.56663954388978,1.8893249699378343,-3.5013933708504905,-1.3789030765241268
Cam_0853.jpg,210.73028979678008,369.31835535475585,99.15697130095778,3.5329247296907367,0.7174635978508059,4.7184426243997
Cam_0854.jpg,210.84818097704436,382.107384309447,99.09048916167801,0.18682351163493083,-1.9004285268161554,3.533105164017947
Cam_0855.jpg,210.112753427582,396.3601609667204,100.14617675770337,3.6631733126265322,-0.36508323359779893,3.6085593702332366
Cam_0856.jpg,210.43373652413226,408.7244645363267,100.88440899300454,4.483147297520686,0.8320607843861859,2.3037195318130594
Cam_0857.jpg,209.93143071726524,421.05879518076733,100.41168627977966,-1.4623912741392178,-4.08507727593068,-3.5895902490266747
Cam_0858.jpg,209.4050479888661,434.8516689865387,100.73146582330249,1.1535864209954396,2.74021951836621,1.1703540864051853
Cam_0859.jpg,210.39154130822158,447.53579499415656,100.917519737419,3.3774111409514944,-3.027042818107111,-3.175760369017011
Cam_0860.jpg,209.02611696999963,461.8805542708325,100.91029203766549,-1.8145805623334266,3.0561168196239787,1.6038442692919586
Cam_0861.jpg,209.8856364343959,473.00231125572907,99.32282361549676,2.2517309787561373,-0.0009409254584332727,-2.5521011894475123
Cam_0862.jpg,210.1030217172829,487.25934644890424,100.19194238256992,-4.785769942471679,-0.23823605801350645,-1.6440688122026517
Cam_0863.jpg,209.60759273452456,500.9399295897793,100.24387190000743,2.348063563994793,0.9016703425875323,2.7519473178421423
Cam_0864.jpg,210.19604773582475,512.5775896265484,100.8128722503702,3.8388624735748116,4.822625936545939,-2.381439173069767
Cam_0865.jpg,209.33670181180037,525.776788510825,100.9913796422388,-4.137078411315027,1.8855749249663538,-0.293871992605646
Cam_0866.jpg,210.64887196427622,538.4695791993639,99.06300433188238,-3.788700070468789,-2.994639335551422,-4.291708856428592
Cam_0867.jpg,210.54901491174175,551.020646030589,100.89569279229562,1.6084294967860875,-4.670291279008148,-1.0561441071080435
Cam_0868.jpg,210.10748232591612,565.3971810429192,99.10705620681185,3.7466995229580067,4.604745731182265,0.20735174000958245
Cam_0869.jpg,210.63074949831218,577.1930760249435,99.4527159621698,-0.5670414002056732,4.1542497930274145,-4.163862624810564
Cam_0870.jpg,209.39236806789327,591.2223640181626,100.66984119470717,-3.1937834661403057,-2.341557026817756,-3.1600629391971755
Cam_0871.jpg,239.12454630338354,591.973580903621,100.70154113321513,-0.07551225358581592,0.07690996459724209,180.2800357426028
Cam_0872.jpg,240.28280071160881,577.0996649793781,100.25931098230352,-2.879103167091206,4.973959186375394,179.99674392914736
Cam_0873.jpg,239.47453430938273,564.6307369802797,99.20989164770384,-4.44059832010183,-4.608662310701083,184.2252557512256
Cam_0874.jpg,240.0079930883417,551.4192299393242,100.72925843400506,2.505021113513331,-3.8361675378442737,175.72606288206126
Cam_0875.jpg,240.24924078353803,538.0946488869901,100.00109680638525,-2.0203609122976465,-2.3096734945095623,181.90013253273648
Cam_0876.jpg,239.97250264293604,525.0283284237528,100.21893858961302,1.7805955464843661,-3.852134104355115,180.40943932489543
Cam_0877.jpg,239.57022181174872,513.7478622572402,100.42243386303315,-0.08938343005953209,0.6693685988318449,180.08375131506395
Cam_0878.jpg,240.09648257698157,500.69634198373586,99.36141008342415,1.75028838876978,0.39375196782099464,180.17285440320697
Cam_0879.jpg,239.69884270235966,487.7321328115389,100.23818355265499,-3.8387943509077926,2.2943386011349274,176.83485209790214
Cam_0880.jpg,240.0822547859751,473.03278401775526,100.6620107464406,3.5923935868234773,-0.15555494702996486,176.4279638480997
Cam_0881.jpg,240.78047255882754,461.7598155935788,100.5024624218302,3.4358880065919766,3.9042819926636954,181.84232348585138
Cam_0882.jpg,239.20392592446183,447.8641677823979,99.41382444716002,0.2000503623109241,-4.779140279803706,178.41496528298228
Cam_0883.jpg,239.46704565074455,435.40757014676973,99.00364735378754,3.6021212999804506,-0.2089646387355939,182.5154332244566
Cam_0884.jpg,239.79327968635346,422.1751746489073,99.91636749163251,-1.7821380960863682,-1.2499940323612853,182.7539326164948
Cam_0885.jpg,240.67417974000324,409.2987915030562,100.74908287047472,-4.716494052000053,-4.261957074644137,175.13876655088356
Cam_0886.jpg,240.41066318447272,396.5895969113584,99.94689318090997,-1.1712467793149868,3.5941061605509734,178.9478007073503
Cam_0887.jpg,240.29640100596242,382.9479619771326,100.80833172802559,-1.2280218206055267,1.364746864877163,184.4222608652394
Cam_0888.jpg,239.59059090679497,369.50082313685004,100.69571392823576,-2.1695072171954344,-1.719464753328659,176.7261631554507
Cam_0889.jpg,240.4799635225164,357.1328657250778,99.91126360814485,-0.5689531968753455,4.185140193933723,175.3522219851728
Cam_0890.jpg,239.98732806725042,344.6462909376396,100.59947832960533,1.558130175820079,4.399439229986,181.90800889720177
Cam_0891.jpg,239.84401790650864,331.262523310452,99.36683851387768,-2.764318018389141,-1.3030162127505642,182.27720851733574
Cam_0892.jpg,239.90121428111598,317.5934982022168,99.52100627960144,-0.14774130842672906,-2.224175288514817,176.99062245188532
Cam_0893.jpg,240.71198888227607,304.13677226922897,100.5542547648198,-0.7227090245699591,-2.4560243059547355,175.91326448118744
Cam_0894.jpg,239.14421927453577,291.57680978611955,100.87385113034316,3.915620615615868,4.475910184395612,178.30920946040217
Cam_0895.jpg,240.6852235604764,278.8995220761931,99.12713317618085,3.079726617001831,-3.697550294745975,179.36423030258305
Cam_0896.jpg,239.1845440376269,266.5918711304863,99.16397990812851,0.8628658075908173,4.906247852867098,178.31445516435653
Cam_0897.jpg,240.91093286862278,252.38176515956158,100.04983222954921,-4.873892354380333,1.6346144543157815,175.34293835470226
Cam_0898.jpg,240.688299610104,239.92101532379098,99.09700408680155,-2.1983306092962893,2.4133739227529305,184.52555360818272
Cam_0899.jpg,240.4102038019895,226.76501641003125,99.3843675047284,0.8526428599983532,3.5716291853110302,183.24078579788582
Cam_0900.jpg,240.07479548423328,214.61537081344625,100.55231286151354,1.5979979818760126,4.418908083376754,181.58893576787412
Cam_0901.jpg,239.10900069355014,200.04067400409906,99.37095923753517,-1.968861335088456,4.256036249744989,177.39216423110415
Cam_0902.jpg,239.5326618538448,187.54783382991292,100.87191008045093,-1.6440768225368512,-0.35933514780108455,177.91094632082726
Cam_0903.jpg,240.96889982983987,174.10028304667722,100.0065452323087,1.6490551656050423,-3.4533581827633624,180.8711250742236
Cam_0904.jpg,239.81104535643476,162.80750946616854,99.4588128354171,-1.3628496157074532,-3.3056737154900704,183.3913741746951
Cam_0905.jpg,240.3113371434253,148.40963266461836,100.52748430533765,-3.673469294947421,0.9402701861702485,184.78356352575685
Cam_0906.jpg,239.6082865799035,135.60212566496443,100.28924076638997,3.15973127241564,3.6711067161181195,177.52272724231284
Cam_0907.jpg,239.807437550675,122.09482760488689,99.61765049412662,1.5304443942144643,-2.6536719875597683,183.0856186809442
Cam_0908.jpg,240.52961936346708,110.7134322007154,99.58573200012937,3.2168630230100277,0.5871171116006595,176.82193672488032
Cam_0909.jpg,240.0125779365077,97.59626906365406,100.35411329553767,0.46498385179123425,0.5842547400930919,176.98138512077034
Cam_0910.jpg,240.0724161417034,84.93280636213899,100.30164198307526,2.353327179642571,3.357074827778896,177.525145120169
Cam_0911.jpg,240.10685919338044,70.00768306954726,100.03217339094519,3.969291020411866,0.5132629218071957,183.6310152212994
Cam_0912.jpg,239.88282688684743,57.725857639028156,100.78029887152556,-0.4589838990865266,-1.8690543753504234,179.45228297126133
Cam_0913.jpg,240.37554648915054,45.08755335630587,99.64318485124844,0.9242416451656599,2.7737756622976235,176.21653116181236
Cam_0914.jpg,240.27770210046864,31.785339091440676,99.95465984188534,-1.565528710604969,3.075834113026577,179.99786166968119
Cam_0915.jpg,239.99420069635397,19.059365096411955,100.98003451892244,-1.475114645784164,-1.46499992102757,176.56083424925012
Cam_0916.jpg,239.59335294713296,6.625656715593422,99.2716284823169,-3.2230558550817987,-4.245064705355856,179.951207066905
Cam_0917.jpg,239.81663102559642,-6.112260677959723,100.78179804813455,-0.6876206719827527,-0.894540007547854,183.56270858846403
Cam_0918.jpg,239.97284490160482,-20.155477096259133,99.86797394514254,3.4985079676438966,2.9963695375848607,177.74999620342317
Cam_0919.jpg,240.7194523484465,-32.7792301398721,99.60295542437012,-2.4849306454246354,-1.001057686239283,184.87705530077454
Cam_0920.jpg,240.80491731262882,-45.95159669602907,100.85230003709145,-1.0477688054491954,-2.5948931142283254,179.04843756082377
Cam_0921.jpg,240.76878500186658,-59.81897891218349,99.31065052444879,4.568018713774664,-1.753783286073915,183.33320633260712
Cam_0922.jpg,239.53197470533323,-71.8409170937589,100.92055653391317,4.3912777095541005,3.1539918286507813,182.73173841307286
Cam_0923.jpg,239.4043607303024,-84.97490589212211,100.74516194426016,0.8069496415868477,-4.285449068738989,175.348114733533
Cam_0924.jpg,239.16865688710763,-97.59757317918394,100.4722912782217,-0.5064242771201529,0.8134265737367486,176.63780531596507
Cam_0925.jpg,239.2039652580522,-110.49705698769408,99.86913215001029,-3.0938557433354497,-3.6744325023249065,180.26702942218932
Cam_0926.jpg,240.48110067930915,-124.88337157514346,99.5531301549944,2.445656073493842,-3.2446392285796315,182.47754711871514
Cam_0927.jpg,240.39981366720727,-136.5454969355734,100.17606309956413,-2.7704378034722805,-4.924875917875127,177.50787372101146
Cam_0928.jpg,240.36105950105485,-149.47973744896265,99.3920548599729,-1.8219118632944247,1.9593995607665005,180.8535611513009
Cam_0929.jpg,269.7783559680243,-149.71902221479516,99.05925888866454,0.3032802828921597,2.9692726806259424,-0.25895601291397663
Cam_0930.jpg,269.7416935831058,-137.25936897332286,100.28018813154115,-4.735932406207614,-3.566730935510205,1.8734168517824208
Cam_0931.jpg,270.34086848906435,-123.7201090120928,100.73301387074508,0.5481802904798754,-4.791900209990934,-4.096396205253912
Cam_0932.jpg,269.4183714366881,-111.80884550240131,100.86303627550613,2.283841453248675,0.8278068531162125,-0.0755044519621556
Cam_0933.jpg,269.4343557394588,-98.66033834689135,99.44851541680363,1.93424491919143,4.455518822914327,0.20411034984120324
Cam_0934.jpg,269.75378918609107,-84.06758103078153,100.2537307845609,3.1969474494300885,4.32988060020535,-2.049631781170115
Cam_0935.jpg,270.7592949275742,-71.78343603445924,99.95667158848747,4.627161216337393,0.16996602286923357,4.685361270794254
Cam_0936.jpg,269.7459851150792,-59.56608079875696,99.36386881686313,-2.811544210828937,-3.8359550551315755,-2.062282787284957
Cam_0937.jpg,270.6632099772405,-46.9026269239258,99.31297682382073,3.3710858209248498,-2.3837559717886974,-1.656219702925768
Cam_0938.jpg,269.4425535572287,-33.67383548334702,100.42686643773901,-2.235101872493466,-4.57510034565485,-0.2971207091722561
Cam_0939.jpg,270.0766576889288,-19.706983252324,100.76237458922964,-1.9703864481024413,3.1357983337445603,0.005230348142022945
Cam_0940.jpg,270.8725217887676,-7.120719838063848,99.67029330324056,-4.7987402999533755,4.624806449068452,1.580140873300969
Cam_0941.jpg,269.31705913271315,5.356360198330629,100.21756053341984,-0.7512272945440398,4.158847493809185,-0.47897584467655996
Cam_0942.jpg,270.993413544366,18.945292701955196,99.09736480147617,0.9059296851471021,1.0057935260225785,-2.7960248707328414
Cam_0943.jpg,269.4660658296698,31.299697544088566,99.58845627563129,-4.829428435337232,1.1935988384741818,2.2115673234907915
Cam_0944.jpg,269.3364429996969,45.175608389255565,99.65482996292444,3.103263334868868,3.476889071206096,-4.488482424943979
Cam_0945.jpg,269.5134009388772,58.43791001587155,99.8213008912029,-0.41313888628539297,4.172507908217301,1.864753168457772
Cam_0946.jpg,270.3883901615855,70.88719981421688,99.45824839309013,-1.6736348301551267,-2.3470094849582956,1.3008554118899305
Cam_0947.jpg,270.18142091830896,84.70557470112499,100.13973573347293,-3.8732155245130575,-1.2409226505535256,-4.718311804383671
Cam_0948.jpg,270.2688297780528,96.32106637193363,99.12296290478747,0.7325598445043027,-4.771241134812786,3.195645225869251
Cam_0949.jpg,270.15111280747686,110.47001555358514,100.70221401615812,-3.4078257364133244,1.7725642838369118,4.131855106071646
Cam_0950.jpg,270.3288005627574,123.28909019341235,99.51094361191068,2.2788513774993575,-3.41636949232254,-0.34632676776482185
Cam_0951.jpg,269.5959893723363,136.67892465617868,100.89871456159396,2.8913231283001166,3.0491266256372196,-0.22013291118193545
Cam_0952.jpg,269.5889601219973,149.14629017018433,100.57949976531177,3.821450982462573,2.1108884170990336,4.016256839477931
Cam_0953.jpg,270.2980484115646,162.0383685366615,99.49932570620004,4.559952043947142,-4.153038262905194,4.233404804087219
Cam_0954.jpg,270.827150299564,174.9280369917566,100.3684597157363,2.0498928568712347,-1.361143717307261,-4.922462197176147
Cam_0955.jpg,270.6587252084785,187.22720373394927,100.06835059598708,-4.481325424355351,-1.4370796330346933,2.344731388712744
Cam_0956.jpg,270.55065561778326,200.40270085241798,100.68892239975878,3.2123196036705055,1.4152091033504952,1.3509466002194994
Cam_0957.jpg,270.08186518416244,214.8735114077817,99.1720296410153,0.9467680658754113,3.4415858156182124,-3.6177296562714587
Cam_0958.jpg,270.62505594506183,226.89079616887602,99.93884549733863,1.307441000562797,4.109472331711422,4.064879332496671
Cam_0959.jpg,270.2158158950482,240.81633855570755,99.39423569073128,-2.2824505726810886,-0.10577615907156945,-1.6551712996662484
Cam_0960.jpg,269.7821869358124,252.70227816337342,100.35971391979459,0.6607629903969501,2.5736852588115537,3.639050025430167
Cam_0961.jpg,270.943442578521,266.9535759559233,100.57340491619745,-0.27576613782220005,-0.7028857172699028,0.2896279702096104
Cam_0962.jpg,269.6535827945682,278.87404551992034,99.08520851810721,2.3622630213977653,-4.935967360952825,-4.281933279786749
Cam_0963.jpg,269.6305406585813,292.5533863980269,100.29667165953575,-1.6369590687436522,3.8525754355465964,2.980834802325397
Cam_0964.jpg,269.48432483348637,305.7279855151672,99.81010739142299,3.9875514086195576,0.018098310900524828,-0.1125456661345644
Cam_0965.jpg,270.630989417193,318.98065512869096,100.18220157374714,1.0028849374926074,-4.340854359491179,-1.9101049571977513
Cam_0966.jpg,270.48430328337844,331.46000053884364,99.6066289190263,-4.38665814268392,-0.965549730554676,-3.5811571861887757
Cam_0967.jpg,270.20403840025654,343.36754024227645,99.70414290616965,2.43364683212826,-4.306761844648654,1.437271055709262
Cam_0968.jpg,270.98714613859096,356.66153925434446,100.85011411641744,1.9024077843997789,-3.032087940334244,-0.09241507647855385
Cam_0969.jpg,270.6629500726251,370.4520992180218,99.09755844289323,0.4940439967397835,-0.235186040952288,0.201562530023787
Cam_0970.jpg,270.99919266766386,383.31788230043674,100.1003205027698,1.7393300340654325,1.2902214335877913,-2.968617122481003
Cam_0971.jpg,270.3257787721673,396.7010782632104,100.33401293747387,2.4166082676365583,-1.907620193290105,1.4013071290720995
Cam_0972.jpg,270.2866584312047,409.77889906951646,99.62379878604455,-0.514158385029067,-2.309890134648815,1.0047272838531938
Cam_0973.jpg,270.2792013899351,421.7437214096495,100.05386956874003,1.521592523399915,-2.701484720018103,-3.586331431376508
Cam_0974.jpg,269.886976279845,435.27317170988005,100.92397516986287,0.6653916522344199,-4.112156286124093,-0.12856163087146533
Cam_0975.jpg,270.45486334763143,447.0901778312196,100.71121870937696,2.7953356842410546,1.97618082862015,-0.7007693063715444
Cam_0976.jpg,270.47153113593,461.3604055453886,99.95778706225474,-0.915270636654214,-2.7787202508577318,-3.44794565242818
Cam_0977.jpg,269.7271055886427,474.54506214799886,99.27286273200515,-1.7163831744062068,4.802661199544885,2.3564877046557897
Cam_0978.jpg,269.77617913151477,486.2769637169356,100.34142197658365,3.5120537359161936,0.5162773074056313,0.5592707312448953
Cam_0979.jpg,270.2075341915805,500.56468173644106,100.9691360260441,1.2581555243096418,-1.9660457096919746,2.451998512695935
Cam_0980.jpg,269.44908960555824,512.010727914658,100.52398425441834,3.418001956841475,-3.307190081015248,-4.361254223953398
Cam_0981.jpg,269.0529717187428,526.7484355456669,99.40753968188582,3.6705741364179274,-2.701799711483906,1.738012996848964
Cam_0982.jpg,270.4621965946795,538.5634993509152,100.58375233645948,2.8293625436211864,-4.634917017997255,-0.812118763051316
Cam_0983.jpg,269.9795791046192,551.8769860508905,99.32427326503101,-3.137612232760093,-4.335900957223648,3.083984556072547
Cam_0984.jpg,269.26458021033926,564.0468658229306,100.75339164216301,4.352926138013178,-0.6919328635885206,-4.823380391889097
Cam_0985.jpg,269.59010340170397,577.5351191670883,100.86320373811544,1.883312701308445,0.49678171695558204,-1.5372277557788463
Cam_0986.jpg,270.0219901957406,590.3608834938475,99.96224511002669,1.5102764421133048,-3.4391677233520985,3.1518325388628563
Cam_0987.jpg,299.0627991754519,591.0961934836932,100.24824119717039,-4.643973062493105,-2.6431203645112373,182.1031003070841
Cam_0988.jpg,300.23345881065256,578.4602928109564,100.50783139292663,1.8993041984852657,-4.11115374799139,180.76264865087603
Cam_0989.jpg,300.3283928083878,564.0356008905401,99.84793083530131,2.6966071644436065,3.116133741844199,184.15411795346384
Cam_0990.jpg,300.8392271382232,552.3956623049303,100.19991158745498,1.9631209597439263,-0.15164033119586506,175.94047559225888
Cam_0991.jpg,300.98732231698483,538.238480139089,99.8891391180085,1.6152848231401558,-4.95271736120918,184.00986797136804
Cam_0992.jpg,300.0152868539052,525.5158509473392,100.60285322290086,3.86372380547422,-0.5253511779651084,182.30245345444655
Cam_0993.jpg,300.7366956691185,513.5696615022389,99.23819855488536,-0.42237827930414173,4.412420670532285,178.7943582286015
Cam_0994.jpg,300.5367397782297,499.4681004928884,99.47847673744546,4.705826614679852,2.8606342660117177,175.5229579594398
Cam_0995.jpg,299.69884123650047,486.4310948488868,99.13831401985588,4.763273830347531,1.505985638880345,175.5577270181992
Cam_0996.jpg,299.99360073044346,474.25840385466046,100.3540454344225,-0.4902410141078757,-1.3037880289393509,179.5677622325861
Cam_0997.jpg,299.27070589158194,460.0815761776957,99.92920828845165,-3.9949563395154484,4.7323968747905205,176.54678206716218
Cam_0998.jpg,300.02724684013305,447.79891310218085,99.96746338923063,-3.7337097262509227,2.359335958129274,178.86811473233735
Cam_0999.jpg,300.75968179590103,435.28398850620505,100.04881380798471,-4.030250561707945,-0.3571001815332866,178.05749313935695
Cam_1000.jpg,300.5176515055636,421.5672634146945,99.91771458121923,0.9601500634714617,3.131090545298819,183.37281314407466
Cam_1001.jpg,300.6408602934868,409.1704439951101,99.55451991160528,-0.970112073529085,-4.4582494863016,178.00964104928494
Cam_1002.jpg,299.375559963191,395.82536820172436,99.11523884252634,-3.373770780536677,-1.22672397544656,175.26885557497096
Cam_1003.jpg,299.3688478666665,382.12387866601443,100.65543609053034,-4.9333329127009895,-4.313940687530679,180.77689298764534
Cam_1004.jpg,300.61304123392506,369.718104204186,99.22262234303699,1.0244099077152387,4.404146222981567,178.66211025393366
Cam_1005.jpg,299.75732910513585,356.9209019975462,99.09284115188699,-4.018597041215836,-3.5825799519639565,182.62780680172574
Cam_1006.jpg,299.1554420022274,344.4204303204876,99.28694106380787,-3.3291551792530387,-0.4879602387407148,181.38820909492873
Cam_1007.jpg,299.51118846306457,331.30084237754386,100.53425281555582,-0.02323622465282804,4.287071416028232,176.24253219360872
Cam_1008.jpg,299.85619757696423,317.42540566819184,99.58409340223064,3.0057184577248486,2.0232435537577897,182.84409829477235
Cam_1009.jpg,300.7480726326371,305.7195322500983,100.27536980882063,0.40325449848068906,2.113386009772765,179.64210282225235
Cam_1010.jpg,299.8331280866097,291.8664314135658,99.25708184110623,2.115485164563832,-0.5546031885192225,180.7023574733513
Cam_1011.jpg,300.6006386894474,279.59356480534836,100.63612664666658,-0.5890058802294273,-0.43214195012997536,180.88287612689678
Cam_1012.jpg,300.14159813881844,265.3705259465328,100.52395938617273,-0.7411366811039694,-0.856558028166637,181.4086146745965
Cam_1013.jpg,300.7781404247655,252.8930679550692,99.1210123858702,1.7765626663726684,0.1325017579770582,175.68743084021563
Cam_1014.jpg,300.8364836413247,239.6688618845889,99.90812669598593,-2.137013850999911,-3.211676617874632,179.10096142389062
Cam_1015.jpg,299.959282090268,226.05962403895265,99.79245282068902,4.36703819552424,-2.554962059405386,182.31591502691725
Cam_1016.jpg,299.78420544372534,213.50171424887188,100.84267428868705,1.0145079595574829,-0.2888416239202084,176.90814943166617
Cam_1017.jpg,299.2817259884987,201.7837232098092,99.43892752492138,4.44762671631858,-4.881493634652092,178.0626746470576
Cam_1018.jpg,300.92873964563194,187.85751908721804,99.42002295481,-2.06220074119295,-2.451853250034911,181.21476982048716
Cam_1019.jpg,300.3732053660822,174.04848041928207,100.32738080292273,1.7588195081968787,-1.7665298483559333,181.16466583761294
Cam_1020.jpg,300.67977483690373,161.42609585445993,100.87178816095306,-3.7656028122337886,-3.6450060247121856,181.23005817628226
Cam_1021.jpg,300.7555490817651,148.78562923477716,99.43065005969933,0.7164761019864521,4.679135400712315,181.07467175929236
Cam_1022.jpg,299.78559028327044,135.02362640923562,100.77395665699419,1.285652702473817,0.836112695505868,182.00124592601796
Cam_1023.jpg,300.5085715718514,122.51204008977192,100.10017633893237,2.7237281351188862,-2.330862747176676,179.7460030710294
Cam_1024.jpg,299.2442318204925,109.16070529373738,100.57682724184183,-3.6176987846157065,3.107093752015593,181.56370754978175
Cam_1025.jpg,300.16334717356654,97.16414016427932,99.85152764921529,0.4162367374605376,4.753624039067458,179.1933340454735
Cam_1026.jpg,300.4738860084607,84.92597656722023,99.6463489162293,4.9809360509171245,-4.845763668318159,184.09149616059946
Cam_1027.jpg,299.79733779479,70.16723698981797,99.43071660393299,-2.68677813762569,-3.083112336358459,181.40835211973265
Cam_1028.jpg,300.6776723066985,57.23532084876239,99.68513763396614,-0.24093629377755998,-1.0662587311365561,180.7213515764665
Cam_1029.jpg,299.62910691983956,44.56173365823325,100.24998106444141,-1.0686810200504335,-4.471497591476668,179.93708420927842
Cam_1030.jpg,300.02051372717244,32.454006074941475,100.49058818180701,3.5923980905250956,0.11977137977386176,184.01849998276225
Cam_1031.jpg,300.2047102304606,18.136536713249903,99.06325168345654,-1.4967682551611623,-4.416727985765587,183.84555989945312
Cam_1032.jpg,299.5722706468253,6.932802748644282,99.58563870474215,-2.1949017315754817,-2.5562559981002737,175.2354509376254
Cam_1033.jpg,300.47776080718154,-7.561864624414087,100.03548270003805,2.3039632871869054,-3.1455363784015375,184.3517459586258
Cam_1034.jpg,300.00384131699667,-19.902433576835815,100.68468983321091,-1.3183593042733555,-3.758962071292866,176.23003301637075
Cam_1035.jpg,299.78743134418914,-33.32004082693333,99.06214740052035,-2.2218466901158678,4.996642791149566,178.81744154412442
Cam_1036.jpg,299.1297489901648,-45.943856389010065,99.63567951501571,-2.023050885820453,-1.932392873009095,183.3838815214873
Cam_1037.jpg,299.1467999473647,-59.187929989727635,99.52805422073412,1.3912209466488394,3.621352115936588,184.55242436358125
Cam_1038.jpg,299.265711047814,-72.93983338457535,99.63378594213988,-2.1260589479024956,-0.09486703975307542,175.3601380519504
Cam_1039.jpg,300.1206750639482,-84.58384055566341,100.62960838969677,2.9968214166603,4.175194536416744,180.35146611399523
Cam_1040.jpg,300.6171931419725,-98.64048727618345,99.40528293618966,1.8672222339481093,-3.392228064987255,175.94285068307477
Cam_1041.jpg,300.28008679803975,-111.68637987837369,99.21470603404794,-2.755502879204972,0.3483628647096675,181.8615445150236
Cam_1042.jpg,299.38542763375614,-123.16441774702375,99.35779640208109,-2.5058788400945184,4.059271129513627,182.62286184039291
Cam_1043.jpg,299.4718466061042,-136.7323905965742,99.64529329300913,-2.4133001299393206,3.70718825057826,176.81862628082723
Cam_1044.jpg,299.9325424469269,-150.2126262391943,100.16909192608092,-3.689035748149567,-0.5021093385335502,180.43236239119753
Cam_1045.jpg,330.19988248499703,-149.96489036985048,99.50053964270336,0.22322197561984802,2.587573119171653,-4.745267225814425
Cam_1046.jpg,329.75701148542987,-137.56523739961418,100.55451740863978,4.845209661519096,-3.4680609682256316,4.94375292212141
Cam_1047.jpg,329.038397331537,-123.99663546555037,100.46381168399623,-0.6047853628982104,4.536648706760285,-4.454440776814528
Cam_1048.jpg,330.4830424582323,-111.73860013132901,100.79888963328476,0.5923985381468618,-0.5042000133771191,-4.855395462127045
Cam_1049.jpg,330.138282869525,-97.621555526523,100.80651275014618,-2.549948974749722,1.4586361112408766,0.38506900743387285
Cam_1050.jpg,330.1419369307506,-85.22735317908423,99.79364273007575,0.7720515955089725,-2.2954165289413258,3.611737083309933
Cam_1051.jpg,329.8022462155854,-72.89357773462412,99.3239952974809,0.6792748805782811,-4.6453442257090325,-4.056014558202683
Cam_1052.jpg,330.66957049763545,-58.21331919290982,99.22820478075887,-4.633799548463541,-2.721028288115353,-0.7888147193377313
Cam_1053.jpg,329.5795582106021,-45.75745375825636,100.33093128236594,3.817173976813589,0.20232019912645238,-2.98325040182166
Cam_1054.jpg,330.8670165113016,-33.09001562653552,99.53062174673984,-4.007013565570538,1.0103416698321595,-1.2335704311993108
Cam_1055.jpg,330.80672036723007,-20.003400263748127,99.8162517209844,-4.496249523713365,1.4413746276604875,3.6781194332184137
Cam_1056.jpg,330.4852274310211,-7.677580850249442,100.91958186946724,-4.763897993131112,-3.7081000754042166,0.07761434120708421
Cam_1057.jpg,330.9548813650405,5.669363385032533,100.44625493363043,-4.283026774460556,1.7283152176381207,-2.7357166283826615
Cam_1058.jpg,330.29376497808346,18.53511388799035,99.08412027674942,4.95403465645524,-3.840326567650606,4.277664715556225
Cam_1059.jpg,329.087072186664,31.02859332474625,100.46706638880666,4.759700904919203,-0.36622635068768206,3.092293144852484
Cam_1060.jpg,330.13789178774704,44.845315945278536,99.30707970434845,-4.669775910455463,-3.334008583527673,-4.728944402384062
Cam_1061.jpg,329.33656856058326,57.021108476510165,100.20646549835602,-2.471919989740903,-3.990763565135813,-0.019062380564911052
Cam_1062.jpg,329.4034187749551,70.47984593512551,100.67494604764424,0.08005155521164165,0.4046573059684392,-3.3776747829167997
Cam_1063.jpg,329.0742000706534,84.16840277407422,100.87090592493406,-0.9798684224111166,4.284435629425719,-1.609328894881195
Cam_1064.jpg,329.50457588440617,96.6907024953218,99.28464090003881,0.3879025045383535,0.7995033710733853,0.799381325930659
Cam_1065.jpg,329.77732132060595,109.86212082632177,99.78358676702153,4.457415933400483,2.225900306028407,-0.7258768039820478
Cam_1066.jpg,329.31364556802777,123.66514818070775,99.80905282455403,-0.6536278636456111,-1.7836136265422657,3.452324216631527
Cam_1067.jpg,329.5127715135437,136.4988551518087,99.6834185453886,2.459873800329889,3.6029792199994723,2.4612963229099485
Cam_1068.jpg,330.6262399616233,148.90330803784016,99.3504350261493,1.1903605862957316,3.362923166438682,-4.008698973668789
Cam_1069.jpg,330.38504536025545,161.2836498688635,100.32269483385339,-2.034782770426549,0.4497136107337346,4.652459725795854
Cam_1070.jpg,330.93874715366223,174.76599646475444,100.74401543570772,-2.5548885405729087,4.4202147530651565,2.395708136708008
Cam_1071.jpg,330.1411102556158,187.28224825663875,100.978413198135,-4.2353334783622305,4.762497434618227,1.069514139379703
Cam_1072.jpg,330.8566671981182,201.48819289717974,100.64825728362925,1.5107164110514166,3.5227994461762164,3.691676741046919
Cam_1073.jpg,329.5852729603626,214.2592772149854,99.1721582412745,-0.6433557462380249,1.7827024680183823,-0.16258757551033198
Cam_1074.jpg,330.9339397082945,226.90338966942815,100.82945378635989,-3.1460640420800123,-3.0663905502645123,2.0124844168431673
Cam_1075.jpg,330.65423376219724,239.3946265543051,100.95262626770109,-4.348524135221916,-1.0431046810702667,-0.2886661600161815
Cam_1076.jpg,330.3255279636215,252.9977423560612,100.50128076961325,-3.2385362907955084,3.9262871532209758,-4.853444662627559
Cam_1077.jpg,329.5693626168601,265.29627580493013,99.59985323280816,0.6107320663664585,-3.599796434568811,-0.18111690974595152
Cam_1078.jpg,329.32110799979176,279.85490737762365,100.657244205197,2.317151569784512,3.405316269734926,3.6544647379964283
Cam_1079.jpg,329.4871381161967,291.9016499789532,100.21066940692471,-0.10339977478374851,2.336211213219218,-1.0334629101549284
Cam_1080.jpg,330.17107307303047,304.7453568600097,99.96766179831957,1.2131075292112334,0.09042589234176812,-0.8816492036186873
Cam_1081.jpg,330.09329419716266,317.1784592360796,100.26465473153802,1.486089792320411,-3.9452739824285254,3.9885223869332784
Cam_1082.jpg,329.1103608313706,330.2008819346634,100.90337683944091,4.786582344374527,-4.522811738120039,1.3705921785255037
Cam_1083.jpg,330.2389560781733,344.3368099474773,99.1134150333974,-3.4361096348742275,-3.798420140177489,1.9805892019402715
Cam_1084.jpg,330.41412974643134,356.1324071125898,99.79127111081834,-3.748287568483291,0.5094222278971275,3.505861253274963
Cam_1085.jpg,330.83388512498385,369.21927380464473,99.62392841127287,-2.685604999515272,-2.877699515466702,2.0672391586669754
Cam_1086.jpg,330.43898021756274,383.3738099001198,100.00778546307966,-1.8495528027007722,4.280444776082364,-1.9700692377863085
Cam_1087.jpg,329.7726090668952,396.5686606874211,99.44295339378004,3.253689426949746,3.601992456768238,4.926352666010871
Cam_1088.jpg,329.2900176564778,408.92872869541696,99.71714472115832,0.5346858463399567,1.4207755245585205,3.6766351639032417
Cam_1089.jpg,329.5171056271119,421.2276851299671,100.85687885151282,4.6068186460136635,-3.014972921473267,1.6953137816316213
Cam_1090.jpg,330.4860694495268,434.46325982108357,100.88197303764707,1.3032494448551533,-0.40700697384380846,0.7307401194415343
Cam_1091.jpg,330.8727437290509,448.6478120872603,100.28065141063519,-2.15533058975158,0.2582711332373979,-2.4040851121653843
Cam_1092.jpg,329.3511960884814,460.17473316545323,99.13733759881256,3.991099751348856,-2.9655308060801264,2.5989968906603624
Cam_1093.jpg,330.2213121785254,473.5116898764276,100.66998887772677,-1.9958406213127025,-4.7673833359871285,0.1969387415483873
Cam_1094.jpg,329.65257374191793,486.5634472061855,100.12799340673621,0.34755514687045996,-3.744881719841552,1.458871963161748
Cam_1095.jpg,330.4482043568924,500.08186188223584,100.53689293843897,-3.6422033068977044,4.993084704557461,3.407162137604861
Cam_1096.jpg,330.98997484150254,512.7068848658764,99.10546741935771,2.986526419849274,1.0703137673992196,-0.7899168165447183
Cam_1097.jpg,329.0502598292707,525.2630492731593,100.36345178809216,4.670258605438528,0.8128686617617357,-2.7869550951187754
Cam_1098.jpg,329.82949387618476,539.664086818482,100.67378530297772,2.1354802551756986,3.532300264425299,-4.405096411845267
Cam_1099.jpg,329.2790734643768,551.2394382069916,100.9579300688342,0.7567597330537715,-0.123922316488005,0.3379542220608148
Cam_1100.jpg,330.9787915661503,564.1763669373677,100.44902751827787,-2.0791056107327712,-2.112468696145051,1.3755514475384074
Cam_1101.jpg,329.3896207721996,577.4748634317344,99.62757866617117,-3.3887298670802988,-3.7835332011164056,1.6202819268336017
Cam_1102.jpg,330.01419742765216,591.7525414656006,99.27415969888966,-4.167169003600122,1.8819661070316789,-2.5932297566094134
Cam_1103.jpg,359.65522273311024,590.323971074662,99.90084859140033,-3.7544906766349455,-1.1784866688755402,176.72360973944726
Cam_1104.jpg,359.20078923614636,578.2067978124138,99.8048205412069,-4.826421889551428,-0.3552760618493904,184.75183187350825
Cam_1105.jpg,360.7163746252138,565.088703682397,99.46443643341634,-1.5853152478984232,-4.228558314882115,182.13427448545804
Cam_1106.jpg,359.11930265533147,551.2287473020976,99.8123923477308,-1.1133234695133938,-0.32081173215008607,178.6625395993946
Cam_1107.jpg,359.23616799966663,539.7727688763038,100.66693201423648,2.758261897377334,-4.7020904365693506,182.59334474536863
Cam_1108.jpg,360.8456662628136,525.3827581375177,99.62217039198028,-0.17434667748705712,1.6961799955359402,177.08858895276506
Cam_1109.jpg,360.36499518864713,513.3871708374776,99.52004001376955,4.208244276375515,-0.515420454689736,184.2313777125238
Cam_1110.jpg,360.3329000057094,499.0460887592521,99.07680784913681,4.54431442313904,4.458192751450143,177.6926988895403
Cam_1111.jpg,360.1350324546661,487.17052392120127,100.6427954203505,3.094623430787589,4.890962923792058,175.19736277350736
Cam_1112.jpg,360.6001874589808,473.8892026621842,100.53544685275901,-2.161496359402496,1.3982325378639393,184.49658905436843
Cam_1113.jpg,360.504886682303,461.0257608685992,100.97321242394895,-2.5295601499673834,1.3739858611832134,180.72334977768128
Cam_1114.jpg,360.2062382731153,447.60393620790893,100.71174722708695,0.7012800238921733,-2.5054487805325802,175.01107388171874
Cam_1115.jpg,359.4263406800178,434.7385120521558,99.71062635516832,4.228545788952575,2.630477583366932,183.0331771464099
Cam_1116.jpg,359.8353950152027,421.7611743451482,99.82136406263555,-3.2231314454244657,-2.0121344069269114,183.93590829300052
Cam_1117.jpg,360.3821353389616,408.85151633673496,100.36495808270793,-0.39933828432175245,-2.298457207661512,176.86645130328262
Cam_1118.jpg,360.3996747746208,395.9025221872217,99.06052203000272,0.24644471110209754,3.459193159574237,179.29837801562405
Cam_1119.jpg,359.87924225377617,382.318732029654,100.81146173003958,1.2203584108200478,-2.530687382822856,181.20234085116348
Cam_1120.jpg,360.4617663603329,369.7311020329273,100.64621164450297,1.4274160768195934,-4.926674758926012,176.78789356193406
Cam_1121.jpg,359.1657551389864,357.4467893796459,99.45731381894679,4.008566150922782,2.3101710908191206,183.7248917569216
Cam_1122.jpg,360.53542440384393,344.46261250506313,100.79717709138704,-3.401840953537575,4.562097098265056,184.35291713313973
Cam_1123.jpg,359.2368863622388,330.27675033193486,99.64323354237774,-4.39605882624188,4.169858772180288,177.12899132178384
Cam_1124.jpg,360.9286213784562,317.856220272847,99.79739607688613,1.8564800178556313,4.801038424940468,182.32680844604863
Cam_1125.jpg,359.9970039031195,305.33224469390797,100.32776984477442,-3.410098171730414,-0.8053268783373412,183.8326345762358
Cam_1126.jpg,359.74592009869247,292.16858281840007,100.66169649893266,1.9226345571395576,0.0212319015973067,180.8968921318208
Cam_1127.jpg,359.66459433816243,278.9062718926434,99.48433134957662,3.0748527966918817,1.5809127598044,178.5138719892584
Cam_1128.jpg,359.0458033573432,265.7943818483057,100.43731759281678,-0.08432101095361721,-3.1182881347508395,181.94169849793226
Cam_1129.jpg,360.20701380791223,252.19897792495928,100.0661939943164,-1.0402205326237794,-0.9699302180922779,178.83047616389905
Cam_1130.jpg,360.93127565978097,240.04671422930886,99.72108801688859,-4.174058930303086,1.9890369806741484,184.89156563230173
Cam_1131.jpg,359.6440233276645,227.12572464302127,100.46108431723226,-3.5021858367914014,3.9638689975913928,184.83896875400487
Cam_1132.jpg,359.92894511183215,213.60808959738662,99.88091645234381,-1.7513166357133603,-4.882743077450463,181.5915057869255
Cam_1133.jpg,359.16928619514937,201.2835852457257,99.00730696963159,0.9582439157889449,-1.7061029075187886,175.755739307609
Cam_1134.jpg,359.487917447071,187.86206970321638,100.83530140357155,-2.465074116760291,-0.1129010672366485,178.5028886603462
Cam_1135.jpg,360.6898828674689,174.37738426095876,100.6973701587575,1.7400134373824971,-1.514714345352664,180.44103495317233
Cam_1136.jpg,359.3777282724568,161.99744240190765,99.77016111675626,-4.768498273404251,0.0020993959287586295,178.1565502132992
Cam_1137.jpg,360.3146068523873,149.50489890893414,99.97826736001434,0.9684099549093225,3.866847822221645,183.541924465376
Cam_1138.jpg,360.46565168266517,135.78219452796978,99.87494060562318,-3.3033733846691766,1.8190280236464629,176.34615210041127
Cam_1139.jpg,360.3876186200157,123.4643737824065,99.9427845120058,-0.980678631190714,0.6441909772839882,181.87966041838874
Cam_1140.jpg,359.29567130464574,109.23338175590679,100.51881050139201,-2.3911690241446295,2.1915135568048543,181.74430636894
Cam_1141.jpg,360.6849526714479,96.55714590289135,100.97169152597014,3.235099778116061,4.533721516934249,184.88905520491406
Cam_1142.jpg,360.91889063670317,84.70194144272115,99.2055849090458,-2.4501962530342065,-2.237293500162732,181.65304615636705
Cam_1143.jpg,359.720172493481,71.34312736538205,99.01326834205224,-4.104541559947181,0.6887538496249188,178.62583229202207
Cam_1144.jpg,359.4744023307232,58.227211073615685,100.70386044217435,-1.4010547111180505,-0.5781784662235742,180.84698886440248
Cam_1145.jpg,359.3118390269209,45.37291970269616,100.9430227975879,4.3870259831594804,-0.13509063011375355,177.37158549089114
Cam_1146.jpg,360.11746302322746,31.978915216288907,100.074593660917,0.4283346970839268,-1.1172782733083682,183.1763754550775
Cam_1147.jpg,359.14812280855745,19.80629077112834,100.64363722249388,-1.9350664651763134,2.1450745737616894,180.57775798859169
Cam_1148.jpg,359.25265662853536,6.86514311591181,100.34274037493954,2.1656174362117886,-4.36196052747483,178.95421476309298
Cam_1149.jpg,360.0140722295296,-6.908626573986439,99.09745327592395,1.925317672350637,0.984802557532318,182.88399161298665
Cam_1150.jpg,359.3801624886557,-19.39923229397803,100.29890708885141,-0.8551615373881353,-0.26552575605203654,184.2396547393666
Cam_1151.jpg,360.47787553604144,-32.15832086673184,100.1436209769016,-2.405977677199944,-0.39489944536598576,184.53041277989323
Cam_1152.jpg,360.8396835006035,-45.68888699772638,100.82052163209885,-0.39915907432184317,3.7996466838869534,181.56081877975905
Cam_1153.jpg,360.1350750475906,-58.265841293714395,100.80579276831187,-2.467471469712543,2.1697328328988745,184.4266417443226
Cam_1154.jpg,360.28706521880866,-71.05625816558691,99.3809444743059,3.0470608815172806,4.796695643784988,176.93434590980428
Cam_1155.jpg,360.31096331440295,-84.38426471183523,99.07183723032058,-4.835450450421261,-2.215607900173801,180.26730042649146
Cam_1156.jpg,359.3392589371257,-97.19461565333978,100.74863096281395,3.439797454114678,-3.6259487550616636,179.9571036522327
Cam_1157.jpg,359.8261253245391,-110.58509429456238,100.33356534003025,-1.3958675706157027,-1.534787003375385,176.63917703235143
Cam_1158.jpg,359.9130655925018,-124.83114556067608,99.55495482472858,-3.9238164124648236,4.75310463784479,181.06977042861791
Cam_1159.jpg,360.6889776070761,-136.49693143638743,100.20181937512531,1.3490658320311455,3.204590307669474,177.52389853541615
Cam_1160.jpg,359.4171328208849,-149.75942495236472,100.0840178431833,4.446616857833854,4.1048786047201595,179.31629325187976
Cam_1161.jpg,390.69978166664964,-149.84737874932864,100.07096307891852,3.332501892380475,-2.528106800546507,-3.2509872422345225
Cam_1162.jpg,389.53325146344537,-137.2832332272188,100.64544332634965,0.03347842677297652,1.0372343181123669,3.8134698983773534
Cam_1163.jpg,390.4990967252959,-123.48207799017105,99.77171318866587,2.558045377953033,-0.831049736977643,-0.6272004815780448
Cam_1164.jpg,389.5873886692129,-110.94471938970757,100.19715240004625,-2.7929497226884834,4.040325514978056,-3.1195108736156953
Cam_1165.jpg,389.92709255505656,-97.66409479994527,100.64343105129237,-4.792918379957893,-1.4938546717809118,0.7812478535446564
Cam_1166.jpg,390.68251708624297,-84.96128447851613,100.8036416693003,-2.9104970528673513,3.291071232148475,-0.3135509141750129
Cam_1167.jpg,390.621203999616,-71.09623544650226,100.48441573913927,1.055591680782649,-0.5978656989418331,4.5464469000325884
Cam_1168.jpg,389.2331842449432,-59.36398538249949,100.0273093838326,-3.385595092126846,-4.940236478963809,0.1761916853913712
Cam_1169.jpg,390.58005141530265,-45.41897997847386,100.94238420436663,-4.955042765820509,-3.346678069346689,3.502221131042478
Cam_1170.jpg,390.7340490686939,-32.059277961096505,100.41747464930202,2.5292725194492736,-3.1700638609704694,-4.751812291315592
Cam_1171.jpg,390.9648051178693,-20.409517477724286,99.47250534653246,-3.0962480092179394,3.298761949831155,3.9682255806404174
Cam_1172.jpg,389.2180526341002,-6.424693388317375,99.13667812229141,-2.783415409684029,1.6117694861208491,-2.674689377237428
Cam_1173.jpg,390.55885374428647,5.163698729359967,100.49341525514757,-4.037905436946644,-1.7423395580890615,4.619787979221071
Cam_1174.jpg,390.9883012245396,18.94037767761041,100.30809379773032,-2.0575684266070153,-4.853106588462259,2.4597328443657216
Cam_1175.jpg,390.4876452444425,31.18048776310526,100.98741164212575,-1.126749457117635,2.2025583910070137,2.488026602188768
Cam_1176.jpg,389.5704372663801,44.16260140572614,100.42143492184009,2.0482862344732085,2.8287847174922454,-0.4287585179417496
Cam_1177.jpg,390.3986135851823,58.2374356883278,99.37073345021894,-1.979426841264993,-2.486878137156979,4.234853940703922
Cam_1178.jpg,390.88703879457273,71.40763590384438,100.1134525861903,-2.6430202102328018,-2.130928081791372,-0.02640328811157744
Cam_1179.jpg,390.49162957194466,83.32853824070864,99.79093114660516,-1.0274063179427202,3.01392763637762,-2.730732394965977
Cam_1180.jpg,390.56350149492164,96.44504855337412,99.86638950649504,3.077741124507465,3.050706261581026,3.5633974671593465
Cam_1181.jpg,390.10908549154834,109.8040358837775,100.23539236642782,-3.9471517992950096,4.494654716525546,0.6055263570873315
Cam_1182.jpg,390.0046691219582,123.91823374088847,99.70255386212217,-1.1960367387789717,-1.5135327035321442,3.968740778847073
Cam_1183.jpg,390.3253178003934,135.17779622507857,100.92321095502422,2.1475791364229537,3.2115009230172715,-4.756807379325498
Cam_1184.jpg,389.6318078509099,149.20752644260997,99.74076499545131,-1.4725626950928907,4.4716120222099,1.248922642639803
Cam_1185.jpg,389.1896244032579,162.0011484496597,99.82238577194497,-2.291573663217923,2.6040937225373924,-0.674793902624469
Cam_1186.jpg,389.73945825314553,174.18043535458844,100.85342800394609,-0.9667376209037706,3.946799030696817,4.510294572619198
Cam_1187.jpg,389.1169224844563,187.2162975691593,99.80677790591554,-4.58034310301891,1.4140539821257514,0.5592780611141157
Cam_1188.jpg,390.83342405724784,200.6318772896761,100.2417017013342,2.99182403271324,-4.162289282134152,-0.8489512773398101
Cam_1189.jpg,390.86170131565683,214.38002816182873,100.45683450923642,-0.18983852670918366,4.9207436312978405,3.269687400698341
Cam_1190.jpg,390.30504625952557,227.07446074559397,99.59881703792176,4.865933852453488,4.269044907245419,4.597328564729752
Cam_1191.jpg,389.4434474756973,240.7795680402913,99.82683666986108,-4.890298705021443,-0.08462179965537331,-0.034712934263599116
Cam_1192.jpg,390.47564361011365,252.83378202007881,99.07177554249002,-3.544294060607215,-2.736825851306321,-1.5097550456163102
Cam_1193.jpg,389.96607296046994,266.1646392920282,100.67435737427678,-2.906182023298962,3.172048556785525,3.1258376068898728
Cam_1194.jpg,390.31753009180477,278.9086395018827,100.8896765375222,-2.30614536394261,1.8915139023694827,1.0389910958783557
Cam_1195.jpg,389.23307886341087,291.7902005171218,99.80501196775639,-0.7816291087674676,1.9743283116580788,-2.5584723267538396
Cam_1196.jpg,389.39933191830704,304.7594335236218,99.56679589903246,-4.594940093795195,-3.638367809182174,-4.446630066308587
Cam_1197.jpg,390.00238701458755,317.37845454518697,100.10411345018126,1.088017994737318,-2.4340387893702697,1.2477033234844543
Cam_1198.jpg,389.68492119020357,330.75353016148557,99.70019891349303,-1.8631866016240513,-2.4017615406506185,3.8516434413024423
Cam_1199.jpg,389.691099140106,343.40068765910524,99.13625376135178,4.215939109082634,-4.602975774338814,3.9223190155408556
Cam_1200.jpg,389.59370594778807,356.05381251789765,99.02949155079804,0.286480893494373,2.34143856645964,1.398776016680693
Cam_1201.jpg,389.60499780854144,370.7353974442194,100.94154344099438,0.4907362822594269,3.232939484712749,-3.828532417900065
Cam_1202.jpg,390.4170352757314,382.93966331175903,100.87101425038888,0.4346403522462571,0.2024247130541842,1.472813436565116
Cam_1203.jpg,389.13235402553147,395.69691653064905,100.92507995563456,2.28323586233619,-4.894804980441247,4.5111077508050235
Cam_1204.jpg,390.8321443100442,408.8768402249739,99.41587550462967,3.8441107115516275,-0.763356740815874,2.9120669020184637
Cam_1205.jpg,390.11240126047534,422.8830862860736,100.26275637351529,3.3900420204958723,1.1301251959515435,4.8954655813493515
Cam_1206.jpg,389.62271953018495,434.6254082530916,100.50877430195135,-2.2522909843658248,3.5225131817354374,-3.2093388396573577
Cam_1207.jpg,389.9829041601584,447.77039116251524,99.28666030418398,0.7214868379570761,2.7235416490978297,-3.2898135218733797
Cam_1208.jpg,390.2298305657481,460.31369220304043,99.21599972628535,1.2169263500788863,1.8526913544271992,-2.7771081489961094
Cam_1209.jpg,390.1808118296179,473.29287276291484,100.30069782568326,1.6399740508209173,2.932652868982794,1.0293359883151911
Cam_1210.jpg,390.93029862516437,486.8826962086479,99.70114647943886,0.04208699391350712,2.164525328713182,3.5744477990220775
Cam_1211.jpg,389.3537745364389,500.0207310378396,99.9012614833531,-1.9981862313844916,-1.4456933019559004,3.282562534564252
Cam_1212.jpg,389.83768535560347,512.5344202026872,100.26075974432678,3.896165331368305,0.1710689231770225,-4.9145587707172504
Cam_1213.jpg,390.70737497676623,526.433560137582,100.39219000856808,1.769397666474522,4.767201924741957,4.17747633673228
Cam_1214.jpg,389.9665549375446,539.106172301588,100.70399551871381,3.900240033958596,4.5241487444804065,0.08240014051659417
Cam_1215.jpg,389.8569809711177,551.9882068477051,100.7853592483346,-0.9746127780057421,-2.888671902320006,-1.3766001206771523
Cam_1216.jpg,390.2110158693022,564.8772494637861,100.56564666656742,0.9004165730042981,-0.4896040205821518,-2.7989632169539247
Cam_1217.jpg,390.73299852627446,578.1669064563483,99.36399539376274,1.644226203391315,3.4626256826308883,-3.1798598256105284
Cam_1218.jpg,389.03323928161427,591.242538463363,100.27870154389304,1.6363638579391322,-1.9169533777329404,-3.1163079443053956
Cam_1219.jpg,420.15604281430313,591.0536400092301,100.267184867546,3.430632373460006,0.27261404187278493,179.08208548752305
Cam_1220.jpg,420.28153990486004,577.1825409463833,100.0124004123848,-4.475013183685829,-3.6475817447138286,180.8210473563738
Cam_1221.jpg,419.05870659902763,565.7481088080376,99.77482487838574,2.738900397073612,4.018075855167062,178.80984917856898
Cam_1222.jpg,419.56262574830345,552.4665020375577,100.0786028760101,1.2455056366098036,2.144443657854988,182.18326174773267
Cam_1223.jpg,419.8150805133637,538.9474061345277,99.87983990141451,-2.63648047008901,2.6471310487346305,180.00729670599483
Cam_1224.jpg,419.8975859611688,525.9290450895421,99.39704322485764,-0.6661289750170143,1.8677894276416835,180.7263828924344
Cam_1225.jpg,420.20559268095775,512.9021373359182,99.63641769592718,1.4067691197734284,1.061200137256796,175.20748711219062
Cam_1226.jpg,420.04226339248896,499.3713072175064,99.57368856121698,0.3290953492271248,-2.6649071436247858,182.38078260994132
Cam_1227.jpg,419.4497204861127,487.54753053209987,99.7379350210574,0.1299754546703945,2.796199037955265,179.01971115900363
Cam_1228.jpg,419.22213872185023,474.11608046428074,99.43945488857615,1.2903780978679191,1.2666843736123576,179.55491213742826
Cam_1229.jpg,419.4365433869592,460.2308969129987,100.20921592930617,2.0997068204227634,-0.7182277832291365,176.7786986475937
Cam_1230.jpg,420.57565167183554,447.7679043776956,100.29326248845905,-1.4766212864891068,-1.6101560089493305,180.06211970650597
Cam_1231.jpg,419.33377243749186,435.824875181935,99.24286830055195,-2.8181816228523213,-1.634402898567226,180.10206209383708
Cam_1232.jpg,420.6354119168997,422.8616009729679,100.87166301516197,3.8984732370007302,3.444130551797892,176.02690138866632
Cam_1233.jpg,420.39237202297426,409.0782680382958,100.65216939895163,-0.32191137887660914,0.053124022849237895,179.97357609587837
Cam_1234.jpg,420.42227598565864,395.8727443265761,99.17348172534786,-4.537093549005499,2.72752395393062,177.156529888019
Cam_1235.jpg,419.63278925848414,382.5719771694993,99.42573558854254,0.9943886227399713,-0.6523679568131937,179.74804219410663
Cam_1236.jpg,419.49286148487124,369.7597423274971,100.14047396425718,-4.212972389582986,-4.376374918043291,177.47418619900947
Cam_1237.jpg,420.56274767789824,356.05928449917303,99.08011970940323,1.5164192784749622,-3.916632802926713,181.09531766789755
Cam_1238.jpg,419.1649026351795,343.31497197530393,100.76257466192945,1.5512725147634696,-0.9931342179909175,177.8989611381617
Cam_1239.jpg,419.778661638932,331.0243504941637,100.82118920917088,2.0576001801764194,2.5226086832126713,176.47438233109787
Cam_1240.jpg,420.81123715433216,317.9631691154178,99.97311848657552,4.746597167778587,-2.5186146429559377,175.2290333753662
Cam_1241.jpg,420.2224865692547,304.5683553510976,100.94472521327144,2.261162991130008,2.2081319384236227,181.2170678891853
Cam_1242.jpg,419.63588391197095,292.38753869204197,100.16199243395813,3.331239424822249,0.8063852708182566,176.9476346660198
Cam_1243.jpg,420.8015692290829,278.9406080560256,99.0082093071162,-1.1578228007860285,4.643162021649168,183.36418097087648
Cam_1244.jpg,419.198050711614,265.99209058418035,100.3745765341484,-0.9137616313970403,3.8751920353225673,176.12172047308903
Cam_1245.jpg,420.7985484506299,253.3089588025767,99.95133471729841,3.4569342286688354,1.693410202214489,180.7007059361475
Cam_1246.jpg,419.4063830177181,240.25110215442908,99.90036693426973,0.6435525222632363,0.2336454224643849,180.1574669865777
Cam_1247.jpg,420.1685765268299,227.81451249476152,99.80874405280032,-4.712694601704465,4.842976901321088,175.36637384559376
Cam_1248.jpg,419.24789504873115,213.49684238234792,100.81147954862135,2.2116454561690655,4.066709177790525,183.11887330748647
Cam_1249.jpg,420.68579600941547,200.86528379650596,100.40542860711663,-1.819162300229913,-0.9993966944983448,176.35419621553868
Cam_1250.jpg,419.3420967183619,187.46077067602235,99.38627049726269,3.3140452521856973,-0.10902401831756292,181.7805465609014
Cam_1251.jpg,419.8723434400481,175.38438789454472,99.66722469734836,-4.649976011345348,-3.297192545650147,175.9849957608607
Cam_1252.jpg,420.1202201523562,162.43844989421137,100.0581879220466,-1.8936961610607228,-0.8367256272191884,182.43614949842728
Cam_1253.jpg,419.150816719241,149.39150322509764,100.21612673293366,-2.8386465631006716,-0.19180622921529955,181.31225302687807
Cam_1254.jpg,419.31847773102805,136.82662134652094,99.50026341207536,-0.09984246545462128,3.4516791594037217,179.50375543830933
Cam_1255.jpg,419.21839910196553,123.94703605086174,100.8720740203216,4.792694445342814,-3.360467774292119,183.58001971497194
Cam_1256.jpg,419.34045456802784,110.54034606175347,100.88347758740521,3.7501358696043043,2.0087392720031,180.22613884032546
Cam_1257.jpg,419.981193499867,97.10655934987089,100.4745737614935,0.37444227433377175,1.5047354833071762,177.26869727049893
Cam_1258.jpg,419.92781779508294,83.55907387717775,100.26854700099288,2.6159136069817657,0.5048761396331791,181.46666619099543
Cam_1259.jpg,420.04532302654354,70.8417271972788,99.49752855810958,1.7586194638774895,3.1912537095683753,178.78935163433425
Cam_1260.jpg,419.7735898826306,58.54374878786926,99.09052532050639,-1.9931754949082543,0.675292804849592,180.19519302286557
Cam_1261.jpg,419.97385843093247,44.67622081452063,99.4361260334502,1.5589305284136212,-2.0595103720519417,177.1769929969087
Cam_1262.jpg,419.1835009353073,32.24899121000958,99.20214245936059,0.82574285509693,-1.382925618884221,179.75647385858227
Cam_1263.jpg,419.0860488417845,19.501259043720673,99.0784754910275,-2.136972843064686,-0.723068257663033,180.07970849477041
Cam_1264.jpg,420.01173894115067,5.390463042641702,99.01196175223193,-2.2123083862498185,0.3582574962647356,182.81110381755943
Cam_1265.jpg,419.3890582009022,-7.219666211744537,99.64923234276796,-4.916890302709723,-1.6122009276163156,175.07874855381948
Cam_1266.jpg,419.39213058585824,-19.069021842158495,100.31721431354936,-1.179003955294537,-2.1534285035582164,182.60106085139455
Cam_1267.jpg,420.53567509471134,-33.12605688971582,99.3517517617219,-0.2171990482287477,-3.455532062526887,184.9227879301896
Cam_1268.jpg,420.6404528273794,-45.7353288674942,100.54630862434557,4.874784497594949,-3.94530813213016,183.0531564578637
Cam_1269.jpg,420.43505307773626,-58.69832918440648,99.41532806320814,-3.831915161151426,-1.6319682807000375,182.22885504238212
Cam_1270.jpg,420.76947706920413,-72.57322141160948,99.93848447689004,1.5326533678087109,4.029671396720593,184.47691662255747
Cam_1271.jpg,420.6376642969872,-84.01991104310426,100.3031471060911,-1.4658768681992675,0.7135311645186747,175.65626424245653
Cam_1272.jpg,420.1017482274432,-98.36268380760295,100.32258653007588,4.308251214500956,4.284316106191877,181.72534918127468
Cam_1273.jpg,420.0821995950185,-110.77301601409039,100.73110855663012,2.3156738727196418,-3.125354473793411,178.6238947854588
Cam_1274.jpg,419.31208532227566,-123.01783417142649,100.17157715974216,-2.8618557922966446,2.826040210962403,176.76345316004665
Cam_1275.jpg,419.98108704057944,-137.18851649345115,99.07652532441594,2.386382905304564,-0.9122443412420168,182.01897118349586
Cam_1276.jpg,420.8426538903837,-149.50257332571513,99.4317356102723,3.52752558581128,-1.575983002763126,179.91713936116037
Cam_1277.jpg,450.75842058360604,-149.61111825889947,100.58309627292043,-1.9539488559398017,2.273893826000833,-1.8447222410678665
Cam_1278.jpg,449.6406196860344,-137.16862692628615,100.38240282142013,-0.4917853926643331,1.3112997460417302,-0.7112423887357144
Cam_1279.jpg,449.0395719603721,-123.54986570331695,99.66025093261365,4.076716269292856,4.675737473735678,-2.5371758769163772
Cam_1280.jpg,450.4894184175161,-110.46070579895627,99.39491373562656,3.883119014988563,4.516813459155867,-4.5225460297563345
Cam_1281.jpg,449.8843860615699,-97.82179725308913,99.0966921002264,2.4038494568620647,-3.5792654286616266,2.2446717780833603
Cam_1282.jpg,449.6343438180896,-84.51573282994225,99.17678660155552,-4.899065290192193,-2.898477523535552,2.067105304857464
Cam_1283.jpg,450.8036909698832,-71.64843375089782,99.82633247537058,3.629390049776103,0.37619259020231743,3.7174530547846496
Cam_1284.jpg,449.70401647729676,-59.07251573090849,99.01216105864614,4.104129841654254,2.393866729085084,-1.689116879093616
Cam_1285.jpg,450.94318277824175,-46.34114020307042,100.53638211253921,-3.9188542428054847,0.1257788145275136,-4.932235577749197
Cam_1286.jpg,450.1939041961852,-32.87545516828844,100.4711069590344,-3.450943562877828,-4.9978968625828255,-2.3477325624467493
Cam_1287.jpg,450.39400233910067,-19.152974122240717,100.14244523687447,-2.292520291932501,2.6389220619374627,1.076284927899421
Cam_1288.jpg,450.72799143065504,-6.507527080284671,99.05768779109134,-2.7132274023693794,-3.6510528260790873,4.895586883128294
Cam_1289.jpg,450.7124364521689,6.2476141765829665,99.69619224002649,-0.7529894230186058,-2.021496490888693,-2.1135617114591807
Cam_1290.jpg,449.7339910757569,18.775157769468038,99.9159242403624,-1.0193114903210847,4.960362253562383,4.239262677702465
Cam_1291.jpg,450.37302005002385,31.99049614020822,99.90546686239473,2.1093246229882303,-4.27165183871928,1.0124999067888698
Cam_1292.jpg,450.7070895384735,45.210306362448904,100.30148851725198,-0.08516140522619409,-1.7223264959225113,-2.7424661762168543
Cam_1293.jpg,450.27271592425836,57.59938177073402,99.98843719972533,-3.877305785571703,3.6439095963301713,-3.1530043120065283
Cam_1294.jpg,449.27828331138346,70.30852180970986,99.98177434377507,4.158708930739718,2.5660900663667476,-1.8003924577945725
Cam_1295.jpg,449.4767724343176,84.94646930766953,99.51722659423234,0.8925530197946974,-3.077525065076416,3.8796869448262425
Cam_1296.jpg,449.85191353235666,97.62445412846306,100.54439131306417,2.3723880879567063,-3.6584418885095538,2.9665117538670613
Cam_1297.jpg,450.61898254038636,109.6638217697803,99.15205657708174,1.5151806190406314,3.1317667677012615,-0.03655079612010581
Cam_1298.jpg,450.8516177798041,122.84057218998053,100.43939483051658,-0.963943085344614,0.16086656538446975,2.217141039442689
Cam_1299.jpg,450.9870128226084,135.10549562641685,100.80082968900763,1.2351654375325216,3.0855710694487675,-2.2615118961205116
Cam_1300.jpg,450.7857495518796,149.91879130455695,100.91147827556483,-2.931122905933962,2.195836325925744,0.8550320091756125
Cam_1301.jpg,449.1187597693384,162.3138893261942,99.68416718579586,1.838584649599325,3.958275794087948,2.98759798691553
Cam_1302.jpg,449.8527008598589,174.01846959648182,100.62335498296136,0.4453256508206952,-2.821142961163076,-0.995689542238591
Cam_1303.jpg,450.56131920980937,188.10091336220393,100.84368386312458,3.065556911387717,-0.21232140853289494,2.6250501142520033
Cam_1304.jpg,450.889733574389,201.63482413778726,100.66936483763567,-4.054065902326995,1.3580915096871946,4.947236239289969
Cam_1305.jpg,449.2319858201605,213.5352501975555,99.5173687421453,3.1142402791023898,1.5712662807139148,2.86758786411606
Cam_1306.jpg,450.86324379478623,227.88446354921894,99.31631497867298,3.662184683688763,-1.3920527742735969,-1.895565804242628
Cam_1307.jpg,450.3524255913496,239.4068956519682,100.17264084280734,0.8456257447360244,-0.5070219118131771,2.5007553583386235
Cam_1308.jpg,450.1968911102004,252.6522628071161,100.19654538069412,-4.291043383259295,3.623112614885272,-3.295969046191984
Cam_1309.jpg,450.5359022353474,266.2823485954275,100.02827660467898,0.2694373126969347,0.9266428111508083,2.6715825526006207
Cam_1310.jpg,449.5458026623424,279.16129478224644,100.89236329584371,4.192122027168063,-0.9347840431504358,1.5856722334483024
Cam_1311.jpg,449.5476165323228,292.62605562174144,99.41913003862008,4.090685378330194,-0.8909005021680937,2.5952916738996468
Cam_1312.jpg,449.4381009435227,304.9068721185753,100.75572649383811,2.1857521820099124,4.670595864262982,4.350053938808598
Cam_1313.jpg,450.3431653979602,318.86728955385956,100.68904471645357,4.558759190758383,3.1187385512711434,-2.317784028763457
Cam_1314.jpg,450.53583761381697,330.89460830075745,99.91957138115711,-2.82213270134054,0.48144251543316063,2.0757131281708276
Cam_1315.jpg,450.65106097538575,343.42982279328555,100.006599592093,-1.8688026230118548,1.864873580790574,-4.788976085394779
Cam_1316.jpg,450.3987296665587,356.3949484164832,100.68542078591906,-2.861950339297871,-0.6110668456340229,4.213220600542355
Cam_1317.jpg,450.8010470346787,369.7203211182437,99.35455006192846,2.9486471257135767,3.704762549350496,4.410430403009686
Cam_1318.jpg,450.04511921371966,383.6316811462504,99.54261762698579,3.4925305481635576,-2.399074027241377,-1.5436894897246924
Cam_1319.jpg,449.712994558494,396.72988835760856,100.3710362236538,-0.29212446214833854,0.23721675075857718,-0.5787923930727717
Cam_1320.jpg,449.27536108294134,409.7889408533682,100.28080730880869,-0.09299220312806378,2.1468419586688414,-1.700185261558555
Cam_1321.jpg,449.7952512139408,421.49347447953875,100.44611639139708,4.3500826916213615,3.9328979108926045,-1.4125204021421975
Cam_1322.jpg,450.1909882409571,435.11696877157004,100.17653490855183,-1.0763665944628724,1.0008837807583526,-0.47563765963519644
Cam_1323.jpg,450.04220814324776,448.1016865818229,99.96521286192227,-2.1565145746892798,2.557053909366835,3.812935310299115
Cam_1324.jpg,450.09980649019144,461.65126515512077,100.05317738939914,0.17291201061371142,4.2508224406999355,0.8634792502398048
Cam_1325.jpg,450.4071792227027,474.3069244543258,99.51485320229331,-4.361390008565189,-0.4630688091902363,0.3565854000529477
Cam_1326.jpg,450.71697917525853,486.5627415020336,99.00631168224147,-0.8994038042002998,4.992251416738063,3.9185266750828216
Cam_1327.jpg,449.5048665879489,499.0050826865632,99.94459038480434,1.1458342752231705,0.9238867884070029,-4.411022666111947
Cam_1328.jpg,449.72072466486964,512.803168629344,99.84165886147994,3.9350425833960148,2.3600208860232064,1.2469105206070297
Cam_1329.jpg,450.2042043153026,526.4009460874728,99.43213806915274,3.1582375950273858,-2.7758052661973274,-4.842255562772479
Cam_1330.jpg,449.7288475450986,538.812666289084,99.79396138009417,-2.8696168584209154,1.6642487867888422,1.630030448196187
Cam_1331.jpg,450.2860980711664,551.6891585886095,100.22709177461557,3.481590698530214,-2.0458154034903693,-4.382895453752747
Cam_1332.jpg,450.68986177667773,564.6803214217889,99.18792218793669,-0.22206420922681347,-1.4402022108217858,-3.893690080695274
Cam_1333.jpg,449.48014907797193,577.0101552870137,99.51642669037558,-0.2864553298860787,3.0249450672519806,-4.382764117079843
Cam_1334.jpg,450.02302371063007,590.6296581790091,99.16290550097517,-0.09779920845922307,3.5267526501966904,-3.924155195572858
Cam_1335.jpg,479.62154300016357,590.3564350773214,99.70702584563537,-3.1540736640247156,4.2078036854327205,184.11768572852563
Cam_1336.jpg,479.6462025243076,577.5695623661754,100.29249540161831,0.7317523212193974,-4.154882666434847,184.2833475840055
Cam_1337.jpg,479.81433000119483,564.2155599812951,99.93315032516905,3.0828092266037337,-1.8984953500181305,178.17089931901558
Cam_1338.jpg,480.4073571763991,551.6198364846658,99.34666947978721,-3.8254906706868423,1.0553876123992114,180.3217319648231
Cam_1339.jpg,480.3554031417489,539.3567867492878,100.53858412628371,-3.399475991409044,3.7669477013752117,182.46658322626115
Cam_1340.jpg,480.767735865124,526.5467559780142,100.14692538326616,-0.4407699337862472,-1.6419488051172904,182.2486151090639
Cam_1341.jpg,480.79990637618033,512.3226468720832,99.35109491375813,2.4815974783623482,2.9482690784145986,181.20285077390713
Cam_1342.jpg,480.52193753026955,499.6575402284624,99.22592217634397,4.013747580909448,3.7612621951147274,177.9909455666706
Cam_1343.jpg,480.39480500770327,486.7709952038783,100.40534857629076,0.08246858970827542,3.2058963656904496,180.10875687826314
Cam_1344.jpg,479.70283281948565,473.204852285766,100.30113875353176,3.335604011540409,2.2509220726009187,184.01180471274074
Cam_1345.jpg,479.47701752269205,461.853270807375,99.93054308984271,-0.4930890436722356,3.8573060952545064,180.12479619695395
Cam_1346.jpg,479.62573614936133,448.33411786351496,99.53584396701548,1.1496384482593305,1.6530225143966062,177.95743841741813
Cam_1347.jpg,479.89747737181256,434.76367261948013,100.56334533871028,-0.7160106258840653,0.24643887994838454,176.6528469404755
Cam_1348.jpg,479.1515944979843,422.4103867743664,100.11553682033485,-0.6691301708469095,1.8153231279782505,177.50921907106712
Cam_1349.jpg,479.3602842195562,409.02703733574566,100.80091986697991,4.1444909075253085,-2.2934153372268358,175.71241798029138
Cam_1350.jpg,479.0162054986532,396.42085015054005,100.69566576812639,1.3041656374103159,4.027319386115344,176.61911399119776
Cam_1351.jpg,479.95273722355034,383.09945549175603,99.22209689189847,-3.5370820184077423,-2.729487145991497,180.36805453106564
Cam_1352.jpg,479.4991054358173,370.34621697711646,100.07106672533413,-4.636819512725441,3.3704763336533454,180.56228864170137
Cam_1353.jpg,480.58330861331314,356.9007714714819,100.58766707206287,0.005475217765624096,1.5910338602549299,180.9533432819424
Cam_1354.jpg,479.15494563289417,343.71860813589205,99.885098285926,4.042160216546584,-4.700591927415665,181.7239746126969
Cam_1355.jpg,479.36408060943063,331.6047975671187,99.17906937892661,1.1562833384351998,-0.969129682078986,175.47506514175566
Cam_1356.jpg,480.85521694516825,318.1499488756639,99.62298647638086,2.726181567831212,3.7851815191605067,182.24924666770485
Cam_1357.jpg,480.93484497503965,304.70737216065316,100.99642027427561,3.4283980224991764,-1.478419938273067,176.12155879640383
Cam_1358.jpg,479.5627771299081,292.9484202587961,100.1375622629704,4.028787262956378,-4.771505468419264,181.7363064711241
Cam_1359.jpg,480.93806843823415,279.864116783713,100.69113235689066,0.5039426474312321,-4.263166343951619,181.02256244579593
Cam_1360.jpg,480.2106206167319,265.2353363080496,99.59207113774593,3.3621638567798517,4.274047132238818,183.82671578692188
Cam_1361.jpg,480.6543602948665,252.47646567817003,100.33455863394617,4.1856058830397735,-3.267369116387477,175.27852486813487
Cam_1362.jpg,479.3139242661807,239.39991674326956,100.18394488291064,-3.970735960898608,4.1057446742810795,181.39141593100683
Cam_1363.jpg,480.9787962593164,226.77873741551682,100.5160056006377,3.546797608147404,0.22085593905270662,183.4398087121418
Cam_1364.jpg,480.4286599886961,214.34593768362842,99.18220443910543,0.9055232793852698,-2.6675348944801334,181.03118419591468
Cam_1365.jpg,480.1452244979542,200.950555246172,99.36432241411727,-0.5124387977953844,1.0082150572016721,175.78993051337477
Cam_1366.jpg,479.0255335028973,188.98794923867482,100.91255819592844,-0.2630885173177909,-4.604837206059515,176.95289386988287
Cam_1367.jpg,479.3043686598363,174.1340700932845,100.35650791428806,0.6746836893239594,-0.5993410121600116,184.29776050496338
Cam_1368.jpg,479.2905453430892,162.02797441273557,100.1822433885648,-4.558223720847123,-3.406603663908003,177.68529256394498
Cam_1369.jpg,480.5080855837985,149.57683349604935,100.96151400243797,4.105940272614217,2.8177229687799916,176.41942886847147
Cam_1370.jpg,480.1332311597932,135.2745689203943,99.26545417343051,0.9244092587804954,0.2353033181226014,181.36696656560838
Cam_1371.jpg,480.57500596215544,123.83783361622696,100.20002194340276,2.9869647165023947,4.246871834403852,180.49494921619842
Cam_1372.jpg,480.73917686658854,109.12321075950459,100.95403581845864,1.6841169444205035,-1.4591120059603946,176.0573971044792
Cam_1373.jpg,479.51722805058165,96.1306705042028,99.34315597960057,1.0714196564106813,-3.282443884106452,180.26352901961081
Cam_1374.jpg,480.0647643758963,84.48294558434048,100.69259653624495,-2.561213204114014,-2.702193301322312,183.01772037884527
Cam_1375.jpg,480.8426632549607,71.0190205394135,100.97333002711385,-1.4589385564047896,-2.0721811213325654,182.20915641910386
Cam_1376.jpg,479.21197675232725,58.11047773831746,99.61864678197992,1.4874113223799603,-0.5835436022432462,177.75665093024696
Cam_1377.jpg,479.55404825028063,44.143900361285624,99.71366998200179,-1.9201553280378447,-3.711079808075847,176.7448338714288
Cam_1378.jpg,480.5126255960214,31.79063427893027,100.43532737047188,-0.1536435776120454,-3.595317131113868,184.92726519793757
Cam_1379.jpg,479.8638611695298,19.713617528451774,99.10084511832673,-0.654804214926442,-1.3163538965377901,177.0273885664485
Cam_1380.jpg,480.16643983440315,5.458199579007112,99.51737172599465,3.591310230568197,-0.7308621568258875,181.792204387606
Cam_1381.jpg,479.72370689347696,-6.734300152031183,99.46717711074656,-0.4476770288025662,0.9319724380180602,175.03206426118584
Cam_1382.jpg,479.6618310554231,-19.196263866836016,100.93226738686066,1.1835863382248424,3.612963764854083,179.55510575724017
Cam_1383.jpg,480.3083020154385,-33.914958219142655,100.57961701230754,-0.8772136759681247,3.231621111069958,177.32055772892988
Cam_1384.jpg,479.7360662498379,-46.21784382666096,100.18671284166895,-4.534464469076468,-2.6096064201842166,184.83884940634783
Cam_1385.jpg,479.44856263058085,-59.87772579714668,100.98760289516014,-0.5444719074559745,1.1159496308013486,176.0609199402992
Cam_1386.jpg,479.11557652221995,-72.14944858117929,99.87464580685918,1.1402949632089445,2.685335694911954,180.45944412546547
Cam_1387.jpg,480.4958600210411,-85.66245207463759,99.4367505708367,-3.21527698817911,-3.1436994795306688,179.33720533271836
Cam_1388.jpg,479.99483341897354,-98.08863825434251,100.93731459230892,-2.6070587323739667,-3.242507720232612,181.79180109503284
Cam_1389.jpg,479.0934695937772,-110.86841156850517,100.61538514428915,-4.282553596881082,-0.8031661747312594,177.8898895146548
Cam_1390.jpg,480.13292180340426,-124.24433077438422,100.74511330340009,0.6449976928399557,4.442471745474862,177.50962635140374
Cam_1391.jpg,479.3246985588198,-136.5077383614319,100.34333212035439,-2.397753344665945,4.166391294147095,176.44504090491762
Cam_1392.jpg,480.23007339413135,-149.5148605786579,100.53511319063087,4.162941303284516,2.211336357044946,177.5291842937789
